Date,ITSA4.SA,PETR4.SA,VALE3.SA
2015-01-02,4.678837776184082,8.400567054748535,16.208206176757812
2015-01-05,4.69414758682251,7.682570457458496,15.964471817016602
2015-01-06,4.729862213134766,7.431271076202393,16.604267120361328
2015-01-07,4.908442497253418,7.7812957763671875,17.213600158691406
2015-01-08,4.959466934204102,8.283894538879395,17.396398544311523
2015-01-09,4.785987377166748,8.535192489624023,17.0231876373291
2015-01-12,4.704349517822266,7.933868408203125,17.244070053100586
2015-01-13,4.719656944274902,8.158246040344238,17.145051956176758
2015-01-14,4.7451701164245605,7.9966936111450195,15.766441345214844
2015-01-15,4.73496150970459,8.355693817138672,15.949239730834961
2015-01-16,4.8217034339904785,8.472366333007812,16.665203094482422
2015-01-19,4.602303981781006,8.230043411254883,16.49002456665039
2015-01-20,4.69414758682251,8.355693817138672,16.558570861816406
2015-01-21,4.882930278778076,8.88521671295166,16.817537307739258
2015-01-22,4.933956146240234,9.181388854980469,16.688053131103516
2015-01-23,4.8982391357421875,8.957015037536621,15.629342079162598
2015-01-26,4.893136024475098,8.82239055633545,14.913374900817871
2015-01-27,4.893136024475098,9.100616455078125,14.471613883972168
2015-01-28,4.7910895347595215,8.176192283630371,14.387829780578613
2015-01-29,4.760475158691406,7.7812957763671875,13.748030662536621
2015-01-30,4.663532257080078,7.449221134185791,14.174562454223633
2015-02-02,4.709451198577881,7.8889946937561035,15.035243034362793
2015-02-03,4.862522125244141,8.948040008544922,15.895926475524902
2015-02-04,5.041104793548584,8.992914199829102,15.652190208435059
2015-02-05,5.041104793548584,8.82239055633545,15.576024055480957
2015-02-06,5.10233211517334,8.18516731262207,15.55317497253418
2015-02-09,5.066616535186768,8.4364652633667,16.444320678710938
2015-02-10,5.000284671783447,7.9966936111450195,15.537939071655273
2015-02-11,4.905745506286621,8.14926815032959,16.071107864379883
2015-02-12,4.968371868133545,8.481341361999512,16.436704635620117
2015-02-13,5.1405930519104,9.001888275146484,17.12220573425293
2015-02-18,5.21887731552124,9.0108642578125,17.29738426208496
2015-02-19,5.20844030380249,8.714692115783691,16.8327693939209
2015-02-20,5.21887731552124,8.65186595916748,17.22883415222168
2015-02-23,5.255410671234131,8.526217460632324,16.467172622680664
2015-02-24,5.302380561828613,8.88521671295166,16.787073135375977
2015-02-25,5.323256492614746,8.4364652633667,16.863235473632812
2015-02-26,5.3545684814453125,8.283894538879395,16.185354232788086
2015-02-27,5.2658491134643555,8.571091651916504,16.185354232788086
2015-03-02,5.22142219543457,8.454415321350098,15.659809112548828
2015-03-03,5.231874465942383,8.589040756225586,15.834992408752441
2015-03-04,5.190061092376709,8.319792747497559,15.530323028564453
2015-03-05,5.169154644012451,8.292868614196777,14.85244369506836
2015-03-06,5.059395790100098,8.301841735839844,14.92099380493164
2015-03-09,4.92872953414917,8.005669593811035,14.88290786743164
2015-03-10,4.808516025543213,7.646671295166016,14.547780990600586
2015-03-11,4.970541954040527,7.844119548797607,14.364980697631836
2015-03-12,4.991448879241943,7.601795673370361,14.364980697631836
2015-03-13,4.954862117767334,7.485121250152588,14.38021183013916
2015-03-16,4.970541954040527,7.529996871948242,14.3954439163208
2015-03-17,5.09075403213501,7.951818466186523,15.141874313354492
2015-03-18,5.289368629455566,8.256969451904297,14.92099380493164
2015-03-19,5.294593334197998,8.005669593811035,14.58586311340332
2015-03-20,5.273688316345215,8.274917602539062,15.423691749572754
2015-03-23,5.26846170425415,8.37364387512207,15.522706985473633
2015-03-24,5.258006572723389,8.454415321350098,14.913374900817871
2015-03-25,5.294593334197998,8.795466423034668,15.050475120544434
2015-03-26,5.143021106719971,8.37364387512207,14.41067886352539
2015-03-27,5.043713092803955,8.400567054748535,13.976531982421875
2015-03-30,5.200515270233154,8.714692115783691,14.182180404663086
2015-03-31,5.216194152832031,8.669816970825195,13.6642484664917
2015-04-01,5.399130344390869,9.208313941955566,13.359583854675293
2015-04-02,5.49320650100708,9.594237327575684,13.70994758605957
2015-04-06,5.5925140380859375,9.612187385559082,13.808963775634766
2015-04-07,5.582058429718018,9.800662994384766,14.471613883972168
2015-04-08,5.57160758972168,9.486538887023926,14.281198501586914
2015-04-09,5.467075824737549,10.3930082321167,14.3192777633667
2015-04-10,5.503660678863525,10.599433898925781,14.029848098754883
2015-04-13,5.49843168258667,11.012282371520996,13.89274787902832
2015-04-14,5.472301006317139,11.182806968688965,14.281198501586914
2015-04-15,5.55592679977417,11.972604751586914,14.636696815490723
2015-04-16,5.529792308807373,11.649504661560059,14.211760520935059
2015-04-17,5.467075824737549,11.622580528259277,14.007160186767578
2015-04-20,5.409580230712891,11.730279922485352,13.95207405090332
2015-04-22,5.451394081115723,11.667454719543457,15.305575370788574
2015-04-23,5.514113903045654,11.55078125,16.59612464904785
2015-04-24,5.697046279907227,11.86490535736084,18.25652503967285
2015-04-27,5.6500043869018555,11.236655235290527,18.46112060546875
2015-04-28,5.613420009613037,11.461030006408691,17.745025634765625
2015-04-29,5.58728551864624,11.505904197692871,16.61186408996582
2015-04-30,5.545472621917725,11.721303939819336,17.82371711730957
2015-05-04,5.597740650177002,12.376477241516113,19.499853134155273
2015-05-05,5.5308403968811035,12.950875282287598,21.294031143188477
2015-05-06,5.47334623336792,12.376477241516113,19.617897033691406
2015-05-07,5.507842063903809,12.259801864624023,18.791627883911133
2015-05-08,5.582581520080566,12.125177383422852,17.90241050720215
2015-05-11,5.599830150604248,12.358528137207031,18.319477081298828
2015-05-12,5.5480875968933105,12.322625160217285,17.571903228759766
2015-05-13,5.444598197937012,12.547001838684082,16.997453689575195
2015-05-14,5.490594387054443,12.475200653076172,16.78498649597168
2015-05-15,5.5480875968933105,12.600852012634277,16.74563980102539
2015-05-18,5.479094982147217,12.295701026916504,15.927244186401367
2015-05-19,5.3928542137146,11.568731307983398,15.832816123962402
2015-05-20,5.34111213684082,11.52385425567627,15.62034797668457
2015-05-21,5.32961368560791,12.098252296447754,15.935111999511719
2015-05-22,5.174381256103516,11.730279922485352,15.942981719970703
2015-05-25,5.231874465942383,11.514880180358887,16.186925888061523
2015-05-26,5.145636081695557,11.119980812072754,16.360050201416016
2015-05-27,5.27211856842041,11.254605293273926,16.48595428466797
2015-05-28,5.243375301361084,11.3533296585083,16.163320541381836
2015-05-29,5.070894241333008,11.066131591796875,15.777728080749512
2015-06-01,5.073774337768555,11.093056678771973,15.76986026763916
2015-06-02,5.229269504547119,11.559755325317383,16.800722122192383
2015-06-03,5.114086627960205,11.478979110717773,16.438739776611328
2015-06-05,4.952831745147705,11.28153133392334,16.210533142089844
2015-06-08,4.970108509063721,11.28153133392334,15.817072868347168
2015-06-09,4.981626510620117,11.667454719543457,15.72264289855957
2015-06-10,5.016180992126465,11.73925495147705,16.690555572509766
2015-06-11,4.941315174102783,11.75720500946045,16.78498649597168
2015-06-12,4.9297966957092285,11.685404777526855,16.651208877563477
2015-06-15,4.981626510620117,11.676429748535156,16.005931854248047
2015-06-16,5.148641109466553,12.008503913879395,15.541651725769043
2015-06-17,5.068014144897461,11.793107032775879,15.32131576538086
2015-06-18,5.223510265350342,12.071329116821289,16.05314826965332
2015-06-19,5.137122631072998,11.802080154418945,15.990196228027344
2015-06-22,5.165920257568359,11.820029258728027,15.494436264038086
2015-06-23,5.165920257568359,11.640530586242676,15.5888671875
2015-06-24,5.154401779174805,11.86490535736084,15.5809965133667
2015-06-25,5.068014144897461,11.308457374572754,15.203279495239258
2015-06-26,5.177435874938965,11.85593032836914,15.439352989196777
2015-06-29,5.114086627960205,11.532829284667969,15.108848571777344
2015-06-30,5.131364345550537,11.389229774475098,14.39275074005127
2015-07-01,5.119847774505615,10.913558959960938,14.251105308532715
2015-07-02,5.206234455108643,11.084081649780273,14.219629287719727
2015-07-03,5.119847774505615,10.554559707641602,13.91273021697998
2015-07-06,5.073774337768555,10.330185890197754,13.889121055603027
2015-07-07,5.044977188110352,10.563532829284668,14.109460830688477
2015-07-08,5.044977188110352,10.285308837890625,13.503532409667969
2015-07-10,5.171679496765137,10.599433898925781,13.464188575744629
2015-07-13,5.177435874938965,10.581485748291016,14.558003425598145
2015-07-14,5.177435874938965,10.760985374450684,14.022899627685547
2015-07-15,5.142881870269775,10.572507858276367,13.464188575744629
2015-07-16,5.142881870269775,10.760985374450684,13.881253242492676
2015-07-17,5.068014144897461,10.240434646606445,13.731739044189453
2015-07-20,5.079532623291016,9.683988571166992,13.621570587158203
2015-07-21,5.073774337768555,9.63013744354248,13.810428619384766
2015-07-22,4.998903751373291,9.298063278198242,13.605833053588867
2015-07-23,4.73974609375,9.082666397094727,13.629440307617188
2015-07-24,4.607285499572754,9.001888275146484,13.212374687194824
2015-07-27,4.607285499572754,8.526217460632324,13.188765525817871
2015-07-28,4.653358459472656,8.992914199829102,14.235366821289062
2015-07-29,4.7512640953063965,9.603212356567383,14.439966201782227
2015-07-30,4.68791389465332,9.35191535949707,13.731739044189453
2015-07-31,4.837650299072266,9.414738655090332,14.06224536895752
2015-08-03,4.8549275398254395,9.001888275146484,13.841910362243652
2015-08-04,4.722466468811035,9.11856460571289,14.243236541748047
2015-08-05,4.705190181732178,8.983939170837402,14.959331512451172
2015-08-06,4.607285499572754,9.280115127563477,15.407875061035156
2015-08-07,4.4633073806762695,8.696741104125977,14.495050430297852
2015-08-10,4.520898342132568,8.96599006652832,15.226885795593262
2015-08-11,4.4633073806762695,8.957015037536621,14.636696815490723
2015-08-12,4.446031093597412,8.813414573669434,14.888509750366211
2015-08-13,4.414870738983154,8.526217460632324,14.542263984680176
2015-08-14,4.403221130371094,8.346719741821289,14.321929931640625
2015-08-17,4.374098300933838,8.212092399597168,14.172415733337402
2015-08-18,4.339153289794922,8.06849479675293,13.708130836486816
2015-08-19,4.27508544921875,7.844119548797607,13.25171947479248
2015-08-20,4.2634358406066895,7.7992448806762695,13.51140308380127
2015-08-21,4.228488922119141,7.449221134185791,13.141549110412598
2015-08-24,4.1411237716674805,7.081246852874756,12.118555068969727
2015-08-25,4.1469502449035645,7.045348167419434,12.079209327697754
2015-08-26,4.391571998596191,7.296646595001221,12.51201343536377
2015-08-27,4.525533676147461,8.005669593811035,13.920598983764648
2015-08-28,4.3799262046813965,8.095417022705078,13.621570587158203
2015-08-31,4.240137577056885,8.247993469238281,14.101591110229492
2015-09-01,4.208038330078125,7.709494590759277,13.456316947937012
2015-09-02,4.237220764160156,7.915920734405518,14.251105308532715
2015-09-03,4.365621089935303,7.8620686531066895,14.738994598388672
2015-09-04,4.260565757751465,7.637695789337158,14.353405952453613
2015-09-08,4.283912658691406,7.754369735717773,14.896378517150879
2015-09-09,4.330605506896973,7.529996871948242,14.998679161071777
2015-09-10,4.202202320098877,7.153046131134033,15.691167831420898
2015-09-11,4.318931579589844,6.874822616577148,15.305575370788574
2015-09-14,4.52903938293457,6.92867374420166,15.069502830505371
2015-09-15,4.499858379364014,6.865847110748291,14.636696815490723
2015-09-16,4.593240737915039,7.305622577667236,14.982940673828125
2015-09-17,4.604914665222168,7.054322242736816,15.337054252624512
2015-09-18,4.406476974487305,6.8209733963012695,15.667562484741211
2015-09-21,4.295583724975586,6.551723957061768,15.683298110961914
2015-09-22,4.348111629486084,6.255550384521484,15.31344223022461
2015-09-23,4.202202320098877,6.120926380157471,14.872769355773926
2015-09-24,4.173020362854004,6.246575355529785,14.518657684326172
2015-09-25,4.085474491119385,6.120926380157471,14.109460830688477
2015-09-28,4.097146511077881,5.779877662658691,13.054987907409668
2015-09-29,4.097146511077881,5.914502143859863,12.968426704406738
2015-09-30,4.167187213897705,6.497874736785889,13.047118186950684
2015-10-01,4.213874340057373,6.300426006317139,13.55074691772461
2015-10-02,4.330605506896973,6.97354793548584,14.022899627685547
2015-10-05,4.429821491241455,7.018423557281494,14.274714469909668
2015-10-06,4.494020938873291,7.350496292114258,14.408489227294922
2015-10-07,4.634097099304199,7.601795673370361,15.85642147064209
2015-10-08,4.651605606079102,7.853093147277832,15.785598754882812
2015-10-09,4.686624526977539,7.897968769073486,16.360050201416016
2015-10-13,4.505694389343262,7.296646595001221,14.620957374572754
2015-10-14,4.400640487670898,7.144071578979492,14.7153902053833
2015-10-15,4.383132457733154,7.179972171783447,14.9278564453125
2015-10-16,4.307258605957031,7.135097980499268,14.786263465881348
2015-10-19,4.3889689445495605,7.135097980499268,14.28857135772705
2015-10-20,4.330605506896973,7.224847316741943,14.136054039001465
2015-10-21,4.32476806640625,6.9555983543396,14.5213623046875
2015-10-22,4.3889689445495605,7.197922706604004,14.858506202697754
2015-10-23,4.35978364944458,7.17099666595459,14.930753707885742
2015-10-26,4.295583724975586,7.045348167419434,14.336734771728516
2015-10-27,4.260565757751465,6.8209733963012695,13.67047119140625
2015-10-28,4.231383323669434,7.135097980499268,13.301214218139648
2015-10-29,4.167187213897705,6.829948902130127,12.956040382385254
2015-10-30,4.202202320098877,6.919698238372803,13.694550514221191
2015-11-03,4.383132457733154,7.610769748687744,14.248435020446777
2015-11-04,4.4123125076293945,7.251771926879883,13.967479705810547
2015-11-05,4.482350826263428,7.2786970138549805,13.606253623962402
2015-11-06,4.37729549407959,7.018423557281494,12.578760147094727
2015-11-09,4.289748668670654,7.099196910858154,12.394131660461426
2015-11-10,4.289748668670654,6.829948902130127,12.345968246459961
2015-11-11,4.383132457733154,6.92867374420166,12.297802925109863
2015-11-12,4.406476974487305,6.803023338317871,12.081067085266113
2015-11-13,4.318931579589844,6.52479887008667,12.337940216064453
2015-11-16,4.348111629486084,6.9107232093811035,12.081067085266113
2015-11-17,4.4123125076293945,6.964572429656982,11.655620574951172
2015-11-18,4.453168869018555,7.018423557281494,11.711812973022461
2015-11-19,4.523204803466797,7.036372184753418,11.751949310302734
2015-11-23,4.511530876159668,7.251771926879883,11.438884735107422
2015-11-24,4.52903938293457,7.628720283508301,11.615485191345215
2015-11-25,4.313093662261963,7.09022331237793,11.286367416381836
2015-11-26,4.394802570343018,7.10817289352417,11.39072036743164
2015-11-27,4.289748668670654,6.8209733963012695,10.67629337310791
2015-11-30,4.231383323669434,6.883798599243164,10.571937561035156
2015-12-01,4.345431327819824,6.722249507904053,10.307037353515625
2015-12-02,4.269399642944336,6.749173641204834,10.387309074401855
2015-12-03,4.4448561668396,7.162021636962891,10.3311185836792
2015-12-04,4.398067951202393,6.749173641204834,9.913701057434082
2015-12-07,4.351280212402344,6.452999591827393,9.801318168640137
2015-12-08,4.322035312652588,6.399150371551514,9.351789474487305
2015-12-09,4.538429260253906,6.865847110748291,9.6969633102417
2015-12-10,4.527082443237305,6.686349391937256,10.170572280883789
2015-12-11,4.497377395629883,6.506849765777588,9.801318168640137
2015-12-14,4.360732555389404,6.470950126647949,10.001999855041504
2015-12-15,4.384498119354248,6.659423828125,10.339144706726074
2015-12-16,4.35479211807251,6.542750358581543,10.636155128479004
2015-12-17,4.461731433868408,6.461974620819092,10.226764678955078
2015-12-18,4.2478532791137695,6.300426006317139,10.347173690795898
2015-12-21,4.170619010925293,5.959376335144043,9.8655366897583
2015-12-22,4.188443660736084,6.094001293182373,10.074246406555176
2015-12-23,4.158738613128662,6.219651222229004,10.612074851989746
2015-12-28,4.146854877471924,6.0132269859313965,10.146492958068848
2015-12-29,4.146854877471924,6.004251956939697,10.210710525512695
2015-12-30,4.087445259094238,6.0132269859313965,10.459555625915527
2016-01-04,3.921095848083496,6.165801048278809,10.186627388000488
2016-01-05,3.98644757270813,5.995276927947998,10.050165176391602
2016-01-06,4.022093772888184,5.743978023529053,9.311654090881348
2016-01-07,3.9626834392547607,5.618327617645264,8.757769584655762
2016-01-08,3.9626834392547607,5.627302646636963,8.460760116577148
2016-01-11,3.915154457092285,5.46575403213501,8.219943046569824
2016-01-12,3.8676257133483887,4.963156223297119,7.553677558898926
2016-01-13,3.879509687423706,4.729806900024414,7.224558353424072
2016-01-14,3.897332191467285,5.10675573348999,7.746332168579102
2016-01-15,3.831979990005493,4.640057563781738,7.5215678215026855
2016-01-18,3.8141565322875977,4.307982921600342,7.136258125305176
2016-01-19,3.772568464279175,4.182333469390869,7.369051456451416
2016-01-20,3.7309811115264893,3.9759092330932617,7.393131732940674
2016-01-21,3.7428643703460693,4.038733959197998,7.336940288543701
2016-01-22,3.802274703979492,3.957960367202759,7.248640537261963
2016-01-26,3.8616843223571777,3.7694857120513916,7.184422016143799
2016-01-27,3.8676257133483887,4.101559638977051,7.553677558898926
2016-01-28,3.950800895690918,4.128484725952148,7.48945951461792
2016-01-29,4.087445259094238,4.343883991241455,7.802522659301758
2016-02-01,4.111210346221924,4.236183166503906,7.625922679901123
2016-02-02,3.772568464279175,3.8592357635498047,6.903466701507568
2016-02-03,3.968625068664551,4.029758930206299,7.232586860656738
2016-02-04,4.033976078033447,4.245158672332764,8.300214767456055
2016-02-05,4.028036117553711,4.074634075164795,8.211915016174316
2016-02-10,4.033976078033447,3.8682100772857666,8.18783187866211
2016-02-11,3.944859027862549,3.796410322189331,7.922932147979736
2016-02-12,3.950800895690918,3.993858814239502,8.227968215942383
2016-02-15,3.9567415714263916,4.101559638977051,8.436678886413574
2016-02-16,4.0161542892456055,3.984884738922119,9.0628080368042
2016-02-17,4.033976078033447,4.200283527374268,9.560498237609863
2016-02-18,3.9626834392547607,4.119509220123291,9.239407539367676
2016-02-19,3.969890832901001,4.002834796905518,9.496280670166016
2016-02-22,4.104255199432373,4.523382663726807,10.547856330871582
2016-02-23,4.098148345947266,4.415683269500732,9.93778133392334
2016-02-24,4.0676093101501465,4.370807647705078,9.39995288848877
2016-02-25,4.098148345947266,4.388757228851318,8.846071243286133
2016-02-26,4.061502456665039,4.370807647705078,8.830016136169434
2016-02-29,4.165329933166504,4.613131999969482,9.48022747039795
2016-03-01,4.345898151397705,4.765706539154053,10.282955169677734
2016-03-02,4.41323184967041,5.070856094360352,11.414803504943848
2016-03-03,4.774368762969971,5.8965535163879395,12.538622856140137
2016-03-04,4.964118957519531,6.479925155639648,13.285161018371582
2016-03-07,4.9029083251953125,6.614548206329346,14.111970901489258
2016-03-08,5.0742974281311035,6.704299449920654,12.06501293182373
2016-03-09,4.951877117156982,6.8209733963012695,11.639566421508789
2016-03-10,5.135507583618164,7.135097980499268,11.238202095031738
2016-03-11,5.227322101593018,7.260746479034424,11.133848190307617
2016-03-14,5.190595626831055,6.64147424697876,10.788674354553223
2016-03-15,4.890666961669922,5.93245267868042,10.820783615112305
2016-03-16,4.768247127532959,6.488900661468506,11.896438598632812
2016-03-17,5.2579264640808105,7.269721984863281,12.44229507446289
2016-03-18,5.251805782318115,7.28767204284668,12.305832862854004
2016-03-21,5.3191351890563965,7.233822345733643,12.16133975982666
2016-03-22,5.129385948181152,7.2786970138549805,12.386103630065918
2016-03-23,4.976360321044922,6.982522964477539,11.334529876708984
2016-03-24,4.976360321044922,7.0094475746154785,12.081067085266113
2016-03-28,5.1722331047058105,7.5748701095581055,12.177395820617676
2016-03-29,5.227322101593018,7.619744777679443,12.113176345825195
2016-03-30,5.184474468231201,7.5748701095581055,12.474403381347656
2016-03-31,5.000843524932861,7.458196640014648,12.16133975982666
2016-04-01,5.000843524932861,7.503070831298828,12.450322151184082
2016-04-04,4.835577487945557,6.767123699188232,11.872357368469238
2016-04-05,4.811095237731934,7.000473976135254,12.273721694946289
2016-04-06,4.682551860809326,6.803023338317871,12.097122192382812
2016-04-07,4.749884128570557,6.9107232093811035,12.04896068572998
2016-04-08,5.031449317932129,7.4133219718933105,13.036314010620117
2016-04-11,5.043692588806152,7.529996871948242,13.622304916381836
2016-04-12,5.276288986206055,8.113369941711426,15.043135643005371
2016-04-13,5.300774097442627,8.517242431640625,15.709399223327637
2016-04-14,5.190595626831055,8.221068382263184,14.609664916992188
2016-04-15,5.276288986206055,8.696741104125977,14.930753707885742
2016-04-18,5.2334418296813965,8.292868614196777,15.291980743408203
2016-04-19,5.227322101593018,8.624942779541016,16.423830032348633
2016-04-20,5.123264789581299,8.508267402648926,17.467376708984375
2016-04-22,5.0742974281311035,8.750591278076172,15.516745567321777
2016-04-25,5.01920747756958,8.37364387512207,14.497281074523926
2016-04-26,5.20283842086792,8.678791999816895,15.003000259399414
2016-04-27,5.331377983093262,9.1993408203125,15.613072395324707
2016-04-28,5.3191351890563965,9.181388854980469,15.886004447937012
2016-04-29,5.300774097442627,9.181388854980469,15.8057279586792
2016-05-02,5.184474468231201,9.127540588378906,15.950220108032227
2016-05-03,4.9016852378845215,8.777514457702637,14.97891902923584
2016-05-04,4.982480525970459,8.903165817260742,13.967479705810547
2016-05-05,4.928617477416992,8.804442405700684,13.373459815979004
2016-05-06,4.948817729949951,9.046765327453613,13.550061225891113
2016-05-09,5.016148567199707,8.508267402648926,12.22555923461914
2016-05-10,5.251805782318115,9.16343879699707,12.739304542541504
2016-05-11,5.218140125274658,9.1993408203125,12.79549503326416
2016-05-12,5.2787370681762695,8.786491394042969,12.394131660461426
2016-05-13,5.157542705535889,8.490317344665527,11.784056663513184
2016-05-16,5.130609512329102,8.750591278076172,11.984740257263184
2016-05-17,4.969014644622803,8.526217460632324,12.145285606384277
2016-05-18,4.969014644622803,8.364666938781738,11.80813980102539
2016-05-19,4.995947360992432,8.041568756103516,11.952630043029785
2016-05-20,4.935349941253662,7.987717628479004,11.342556953430176
2016-05-23,4.948817729949951,7.628720283508301,11.591403007507324
2016-05-24,4.9016852378845215,7.655645370483398,11.254257202148438
2016-05-25,4.894952297210693,7.7812957763671875,11.735894203186035
2016-05-27,4.894952297210693,7.38639497756958,11.470992088317871
2016-05-30,4.888218402862549,7.521021842956543,11.462965965270996
2016-05-31,4.807420253753662,7.215872287750244,11.414803504943848
2016-06-01,4.91200590133667,7.341522216796875,11.583375930786133
2016-06-02,4.925498962402344,7.4671711921691895,12.00079345703125
2016-06-03,4.9592366218566895,7.691545009613037,13.036314010620117
2016-06-06,4.891761779785156,7.592820644378662,13.558087348937988
2016-06-07,4.979477405548096,7.736420154571533,13.301214218139648
2016-06-08,5.0671916007995605,8.427491188049316,13.646388053894043
2016-06-09,5.100927829742432,8.239018440246582,12.6028413772583
2016-06-10,4.831037521362305,7.880018711090088,12.00079345703125
2016-06-13,4.878267765045166,7.736420154571533,12.201476097106934
2016-06-14,4.783806800842285,7.449221134185791,11.743921279907227
2016-06-15,4.7770586013793945,7.637695789337158,12.040929794311523
2016-06-16,4.88501501083374,7.628720283508301,12.22555923461914
2016-06-17,4.81754207611084,8.0325927734375,12.265695571899414
2016-06-20,4.8985090255737305,8.239018440246582,12.498486518859863
2016-06-21,4.851278781890869,8.553141593933105,12.522568702697754
2016-06-22,4.810795307159424,8.382617950439453,12.723250389099121
2016-06-23,4.98622465133667,8.678791999816895,13.317268371582031
2016-06-24,4.864773273468018,8.301841735839844,12.209504127502441
2016-06-27,4.716334342956543,7.880018711090088,11.880385398864746
2016-06-28,4.851278781890869,8.256969451904297,12.410185813903809
2016-06-29,4.965982913970947,8.526217460632324,12.610868453979492
2016-06-30,5.121168613433838,8.454415321350098,13.060396194458008
2016-07-01,5.168399333953857,8.813414573669434,13.341350555419922
2016-07-04,5.161653518676758,8.85828971862793,13.622304916381836
2016-07-05,5.100927829742432,8.337743759155273,12.891822814941406
2016-07-06,5.073939323425293,8.526217460632324,13.076451301574707
2016-07-07,5.11442232131958,8.580066680908203,12.859715461730957
2016-07-08,5.262861728668213,8.831366539001465,12.996177673339844
2016-07-11,5.269608974456787,9.298063278198242,13.534005165100098
2016-07-12,5.1886420249938965,9.558337211608887,14.200272560119629
2016-07-13,5.310093879699707,9.540388107299805,14.304627418518066
2016-07-14,5.546246528625488,9.809638023376465,13.927343368530273
2016-07-15,5.51925802230835,9.890413284301758,13.919316291809082
2016-07-18,5.6407084465026855,10.36608600616455,14.111970901489258
2016-07-19,5.674445629119873,10.572507858276367,13.517952919006348
2016-07-20,5.654202461242676,10.608409881591797,13.2530517578125
2016-07-21,5.60022497177124,10.635333061218262,13.967479705810547
2016-07-22,5.613719463348389,10.716109275817871,13.766797065734863
2016-07-25,5.586729526519775,10.796883583068848,13.983534812927246
2016-07-26,5.532752513885498,10.662257194519043,14.786263465881348
2016-07-27,5.620467185974121,10.330185890197754,15.187627792358398
2016-07-28,5.5529937744140625,10.267359733581543,15.283956527709961
2016-07-29,5.6407084465026855,10.653282165527344,14.850481033325195
2016-08-01,5.573236465454102,10.09683609008789,14.368844032287598
2016-08-02,5.606972694396973,10.195560455322266,14.44109058380127
2016-08-03,5.829631328582764,10.680206298828125,15.107355117797852
2016-08-04,5.8431243896484375,10.77893352508545,15.059191703796387
2016-08-05,5.822883605957031,10.455835342407227,15.227763175964355
2016-08-08,5.782399654388428,10.68918228149414,15.23579216003418
2016-08-09,5.7756547927856445,10.662257194519043,15.243819236755371
2016-08-10,5.7014336585998535,10.37506103515625,14.5213623046875
2016-08-11,5.863367557525635,10.859707832336426,14.778236389160156
2016-08-12,5.870114803314209,10.769957542419434,14.417007446289062
2016-08-15,5.97157096862793,11.048182487487793,14.794291496276855
2016-08-16,5.910289287567139,11.209731101989746,15.23579216003418
2016-08-17,6.005617141723633,11.452056884765625,15.348172187805176
2016-08-18,6.032853603363037,11.559755325317383,15.187627792358398
2016-08-19,5.978378772735596,11.478979110717773,15.31606388092041
2016-08-22,5.814961910247803,11.084081649780273,14.754154205322266
2016-08-23,5.821770668029785,11.371281623840332,15.051165580749512
2016-08-24,5.8013434410095215,11.12895679473877,14.569524765014648
2016-08-25,5.787725448608398,11.245633125305176,14.593608856201172
2016-08-26,5.842197418212891,11.263581275939941,14.216325759887695
2016-08-29,5.930716514587402,11.55078125,14.529390335083008
2016-08-30,5.944332599639893,11.748228073120117,14.168159484863281
2016-08-31,5.855814456939697,11.532829284667969,13.598223686218262
2016-09-01,5.906971454620361,11.667454719543457,13.999588966369629
2016-09-02,5.988824844360352,12.179027557373047,14.641772270202637
2016-09-05,5.968361854553223,12.41237735748291,14.368844032287598
2016-09-06,6.016110420227051,12.547001838684082,14.665853500366211
2016-09-08,5.934257507324219,12.762399673461914,14.280545234680176
2016-09-09,5.661418914794922,12.125177383422852,13.534005165100098
2016-09-12,5.709165096282959,12.520075798034668,14.039724349975586
2016-09-13,5.681880474090576,11.676429748535156,13.060396194458008
2016-09-14,5.620492458343506,11.766179084777832,13.357404708862305
2016-09-15,5.750089645385742,12.125177383422852,13.357404708862305
2016-09-16,5.681880474090576,11.811054229736328,13.172778129577637
2016-09-19,5.695522308349609,11.712328910827637,13.373459815979004
2016-09-20,5.7296271324157715,12.116201400756836,13.405569076538086
2016-09-21,5.76373291015625,12.259801864624023,14.168159484863281
2016-09-22,5.852405071258545,12.56495189666748,14.08788776397705
2016-09-23,5.804658889770508,12.286726951599121,14.168159484863281
2016-09-26,5.736449718475342,12.026453971862793,13.999588966369629
2016-09-27,5.818300247192383,11.775153160095215,14.12802505493164
2016-09-28,5.8796892166137695,12.430329322814941,14.601634979248047
2016-09-29,5.709165096282959,12.053378105163574,14.44109058380127
2016-09-30,5.68870210647583,12.179027557373047,14.296595573425293
2016-10-03,5.791017532348633,12.538025856018066,14.529390335083008
2016-10-04,5.709165096282959,12.582901954650879,14.168159484863281
2016-10-05,5.7841973304748535,13.085500717163086,14.336734771728516
2016-10-06,5.8796892166137695,13.552197456359863,14.28857135772705
2016-10-07,5.947899341583252,13.695796012878418,14.449116706848145
2016-10-10,6.036571979522705,14.117618560791016,15.291980743408203
2016-10-11,5.975183963775635,13.812472343444824,14.930753707885742
2016-10-13,5.975183963775635,14.144545555114746,14.248435020446777
2016-10-14,6.070676326751709,14.593293190002441,14.465173721313477
2016-10-17,6.125244140625,15.167689323425293,14.641772270202637
2016-10-18,6.20709753036499,15.63438892364502,15.067218780517578
2016-10-19,6.166172027587891,15.813887596130371,14.946808815002441
2016-10-20,6.193456649780273,15.921588897705078,15.332121849060059
2016-10-21,6.145709991455078,16.110063552856445,15.982330322265625
2016-10-24,6.111604690551758,16.334436416625977,16.295391082763672
2016-10-25,6.029750823974609,16.154935836791992,17.138256072998047
2016-10-26,6.043394565582275,16.244686126708984,17.475404739379883
2016-10-27,6.172991752624512,16.235713958740234,17.660032272338867
2016-10-28,6.186634540557861,16.235713958740234,17.77241325378418
2016-10-31,6.439011573791504,15.876712799072266,17.72425079345703
2016-11-01,6.295769691467285,15.131790161132812,17.900850296020508
2016-11-03,6.172991752624512,14.476617813110352,17.62792205810547
2016-11-04,6.295769691467285,14.350967407226562,17.346969604492188
2016-11-07,6.445831298828125,15.445916175842285,18.567115783691406
2016-11-08,6.479936122894287,15.293342590332031,19.24140739440918
2016-11-09,6.343517303466797,14.943318367004395,20.068218231201172
2016-11-10,6.016110420227051,13.9111967086792,21.56932258605957
2016-11-11,5.852405071258545,12.573927879333496,20.854888916015625
2016-11-14,5.845583915710449,12.56495189666748,21.240198135375977
2016-11-16,6.036571979522705,13.229096412658691,20.188627243041992
2016-11-17,5.893331050872803,12.825226783752441,19.859508514404297
2016-11-18,5.988824844360352,13.031651496887207,19.723045349121094
2016-11-21,6.050214767456055,13.982996940612793,20.73448371887207
2016-11-22,6.050214767456055,14.297119140625,22.291778564453125
2016-11-23,5.941078186035156,14.225320816040039,22.61286735534668
2016-11-24,5.893331050872803,13.982996940612793,22.14728546142578
2016-11-25,5.866045951843262,13.731694221496582,23.1988582611084
2016-11-28,5.920614719390869,13.875295639038086,24.892620086669922
2016-11-29,5.804658889770508,13.157299041748047,23.423625946044922
2016-11-30,5.872868537902832,14.359944343566895,22.524566650390625
2016-12-01,5.582472324371338,13.85734748840332,22.85368537902832
2016-12-02,5.602969169616699,14.207369804382324,23.811553955078125
2016-12-05,5.575638294219971,14.054795265197754,23.900373458862305
2016-12-06,5.698630332946777,14.494568824768066,24.22335433959961
2016-12-07,5.7122979164123535,14.234295845031738,25.05501937866211
2016-12-08,5.70546293258667,14.090696334838867,24.32831382751465
2016-12-09,5.739626884460449,13.982996940612793,23.908445358276367
2016-12-12,5.514142036437988,14.000947952270508,23.811553955078125
2016-12-13,5.541474342346191,13.866321563720703,22.87491798400879
2016-12-14,5.507308006286621,13.229096412658691,22.511568069458008
2016-12-15,5.507308006286621,13.327823638916016,22.794172286987305
2016-12-16,5.479977607727051,13.247048377990723,22.406599044799805
2016-12-19,5.384317874908447,12.88805103302002,21.03394317626953
2016-12-20,5.438981056213379,12.879075050354004,21.46188735961914
2016-12-21,5.438981056213379,12.870099067687988,21.38114356994629
2016-12-22,5.479977607727051,12.573927879333496,20.49295425415039
2016-12-23,5.590369701385498,12.780348777770996,20.339542388916016
2016-12-26,5.661133766174316,12.941900253295898,20.98549461364746
2016-12-27,5.639904975891113,12.932924270629883,20.880529403686523
2016-12-28,5.717745780944824,13.264998435974121,21.542631149291992
2016-12-29,5.859273910522461,13.345772743225098,20.73518943786621
2017-01-02,5.809741020202637,13.157299041748047,20.234573364257812
2017-01-03,6.064490795135498,13.9111967086792,21.130834579467773
2017-01-04,6.099871635437012,13.9111967086792,20.751338958740234
2017-01-05,6.156483173370361,14.13556957244873,21.542631149291992
2017-01-06,6.135254859924316,14.054795265197754,20.96934700012207
2017-01-09,6.198942184448242,13.758621215820312,21.397294998168945
2017-01-10,6.156483173370361,13.8932466506958,23.04448127746582
2017-01-11,6.198942184448242,14.054795265197754,23.5208740234375
2017-01-12,6.368776321411133,14.270195960998535,24.279874801635742
2017-01-13,6.305088520050049,14.072744369506836,25.014646530151367
2017-01-16,6.305088520050049,14.13556957244873,25.692899703979492
2017-01-17,6.432464122772217,14.198393821716309,24.68359375
2017-01-18,6.39708137512207,14.171469688415527,25.927059173583984
2017-01-19,6.390006065368652,14.153520584106445,25.410297393798828
2017-01-20,6.460771083831787,14.359944343566895,25.91898536682129
2017-01-23,6.623528003692627,14.350967407226562,26.895994186401367
2017-01-24,6.545686721801758,14.395845413208008,27.5580997467041
2017-01-26,6.573993682861328,14.18044662475586,27.130151748657227
2017-01-27,6.566915512084961,14.018895149230957,27.210895538330078
2017-01-30,6.489075183868408,13.31884765625,26.040102005004883
2017-01-31,6.566915512084961,13.480398178100586,25.98358154296875
2017-02-01,6.595221519470215,13.480398178100586,26.556867599487305
2017-02-02,6.588144779205322,13.363723754882812,26.37115478515625
2017-02-03,6.715521812438965,13.767597198486328,24.715890884399414
2017-02-06,6.616451263427734,13.426548957824707,24.158754348754883
2017-02-07,6.708445072174072,13.193199157714844,24.417137145996094
2017-02-08,6.765056610107422,13.552197456359863,24.699745178222656
2017-02-09,6.814591884613037,13.507322311401367,25.09539222717285
2017-02-10,6.878279685974121,13.982996940612793,26.48419761657715
2017-02-13,6.864127159118652,14.018895149230957,28.91460609436035
2017-02-14,6.835820198059082,14.198393821716309,27.77610969543457
2017-02-15,7.097647666931152,14.21634578704834,27.307788848876953
2017-02-16,7.076416969299316,14.234295845031738,27.267419815063477
2017-02-17,7.189638614654541,14.009921073913574,27.50965118408203
2017-02-20,7.288710117340088,14.288143157958984,29.41522216796875
2017-02-21,7.458446025848389,14.440720558166504,28.696596145629883
2017-02-22,7.494653701782227,14.090696334838867,28.010265350341797
2017-02-23,7.400516510009766,13.965045928955078,26.782949447631836
2017-02-24,7.270174980163574,13.62399673461914,26.419601440429688
2017-03-01,7.244793891906738,13.929144859313965,26.782949447631836
2017-03-02,7.157769203186035,13.561171531677246,25.402217864990234
2017-03-03,7.244793891906738,13.749645233154297,25.692899703979492
2017-03-06,7.302811145782471,13.552197456359863,25.111541748046875
2017-03-07,7.194027900695801,13.62399673461914,24.966197967529297
2017-03-08,7.056241035461426,13.058574676513672,24.32024383544922
2017-03-09,6.990971565246582,13.013699531555176,24.36869239807129
2017-03-10,7.019981384277344,12.843175888061523,23.940744400024414
2017-03-13,7.1215105056762695,12.897026062011719,25.038869857788086
2017-03-14,7.041738033294678,12.196978569030762,25.16806411743164
2017-03-15,7.223038196563721,12.744452476501465,26.904067993164062
2017-03-16,7.223038196563721,12.304678916931152,26.266185760498047
2017-03-17,7.0852484703063965,11.811054229736328,25.27303123474121
2017-03-20,7.070745468139648,12.205952644348145,25.53948402404785
2017-03-21,6.8241753578186035,11.667454719543457,23.448204040527344
2017-03-22,6.998222827911377,12.259801864624023,23.73888397216797
2017-03-23,6.940208911895752,12.179027557373047,23.60969352722168
2017-03-24,7.0054779052734375,12.098252296447754,23.41590690612793
2017-03-27,7.070745468139648,12.358528137207031,23.730806350708008
2017-03-28,7.019981384277344,12.520075798034668,24.069934844970703
2017-03-29,7.0852484703063965,12.968825340270996,24.312170028686523
2017-03-30,6.998222827911377,12.968825340270996,24.30409812927246
2017-03-31,6.8894453048706055,13.00472354888916,24.053787231445312
2017-04-03,6.947460174560547,13.166275024414062,23.827701568603516
2017-04-04,7.041738033294678,13.327823638916016,24.74818992614746
2017-04-05,6.9619622230529785,13.076523780822754,23.77925682067871
2017-04-06,6.867688179016113,13.040624618530273,23.343236923217773
2017-04-07,6.903947830200195,13.193199157714844,23.53702163696289
2017-04-10,6.932955265045166,13.408598899841309,23.440128326416016
2017-04-11,6.9619622230529785,13.175249099731445,23.141374588012695
2017-04-12,6.9257049560546875,13.148324012756348,22.1401424407959
2017-04-13,6.751654148101807,12.636749267578125,22.1401424407959
2017-04-17,6.932955265045166,12.81624984741211,22.14821434020996
2017-04-18,6.990971565246582,12.65470027923584,21.486112594604492
2017-04-19,6.874939441680908,12.205952644348145,21.53455924987793
2017-04-20,6.81692361831665,12.457252502441406,22.648832321166992
2017-04-24,6.983719825744629,12.591875076293945,22.903797149658203
2017-04-25,6.998222827911377,12.870099067687988,23.654739379882812
2017-04-26,6.976468563079834,12.56495189666748,23.137422561645508
2017-04-27,7.063493251800537,12.322625160217285,22.3864803314209
2017-04-28,7.1722731590271,12.538025856018066,22.920482635498047
2017-05-02,7.310062885284424,12.555977821350098,23.41276741027832
2017-05-03,7.237542152404785,12.708551406860352,21.960947036743164
2017-05-04,7.070745468139648,12.205952644348145,21.151594161987305
2017-05-05,7.266549587249756,12.753425598144531,21.735660552978516
2017-05-08,7.252045631408691,12.636749267578125,21.718975067138672
2017-05-09,7.273803234100342,12.690600395202637,22.111135482788086
2017-05-10,7.324565887451172,13.220123291015625,22.16119384765625
2017-05-11,7.4478535652160645,13.300898551940918,21.960947036743164
2017-05-12,7.469607353210449,13.866321563720703,21.618844985961914
2017-05-15,7.469607353210449,14.072744369506836,22.236289978027344
2017-05-16,7.4478535652160645,14.090696334838867,22.745264053344727
2017-05-17,7.302811145782471,14.009921073913574,22.39482307434082
2017-05-18,6.599361419677734,11.802080154418945,22.41151237487793
2017-05-19,6.642875671386719,12.223902702331543,22.736919403076172
2017-05-22,6.454320907592773,12.026453971862793,23.295955657958984
2017-05-23,6.534092903137207,12.107227325439453,23.579647064208984
2017-05-24,6.534092903137207,12.609827041625977,22.962203979492188
2017-05-25,6.381802082061768,12.331602096557617,23.11239242553711
2017-05-26,6.505084037780762,12.277752876281738,23.245893478393555
2017-05-29,6.505084037780762,12.277752876281738,23.245893478393555
2017-05-30,6.548598289489746,11.990553855895996,23.86333656311035
2017-05-31,6.4905805587768555,11.63155460357666,22.6701717376709
2017-06-01,6.356192111968994,11.505904197692871,22.252979278564453
2017-06-02,6.392515182495117,11.712328910827637,22.34476089477539
2017-06-05,6.3634562492370605,11.829004287719727,22.1027889251709
2017-06-06,6.450626850128174,11.829004287719727,22.177885055541992
2017-06-07,6.559591770172119,11.55078125,22.069416046142578
2017-06-08,6.5087432861328125,11.52385425567627,22.545011520385742
2017-06-09,6.399777889251709,11.532829284667969,22.778636932373047
2017-06-12,6.399777889251709,11.577704429626465,22.39482307434082
2017-06-13,6.443362712860107,11.613605499267578,22.002662658691406
2017-06-14,6.5087432861328125,11.326407432556152,21.777379989624023
2017-06-15,6.5087432861328125,11.326407432556152,21.777379989624023
2017-06-16,6.5450615882873535,11.021255493164062,21.326814651489258
2017-06-19,6.55232572555542,11.030232429504395,22.01934814453125
2017-06-20,6.385249614715576,10.644308090209961,21.45197105407715
2017-06-21,6.348928451538086,10.446859359741211,22.08609962463379
2017-06-22,6.3634562492370605,10.805856704711914,22.545011520385742
2017-06-23,6.298079013824463,10.707133293151855,22.72857666015625
2017-06-26,6.465156078338623,11.012282371520996,22.920482635498047
2017-06-27,6.341664791107178,10.958433151245117,23.295955657958984
2017-06-28,6.399777889251709,10.841756820678711,24.021869659423828
2017-06-29,6.4869489669799805,10.93150806427002,24.113651275634766
2017-06-30,6.55232572555542,11.102032661437988,24.19709014892578
2017-07-03,6.55232572555542,11.093056678771973,24.739439010620117
2017-07-04,6.5450615882873535,11.155881881713867,24.714406967163086
2017-07-05,6.610439777374268,10.958433151245117,24.138683319091797
2017-07-06,6.523269176483154,10.922534942626953,24.130340576171875
2017-07-07,6.5160040855407715,10.707133293151855,24.10530662536621
2017-07-10,6.574118614196777,10.752008438110352,24.789499282836914
2017-07-11,6.66855525970459,11.066131591796875,25.064847946166992
2017-07-12,6.683082580566406,11.613605499267578,24.94803237915039
2017-07-13,6.7048773765563965,11.55078125,24.347280502319336
2017-07-14,6.6903486251831055,11.712328910827637,24.630970001220703
2017-07-17,6.66855525970459,11.568731307983398,24.79784393310547
2017-07-18,6.726667404174805,11.613605499267578,24.94803237915039
2017-07-19,6.66855525970459,11.87387752532959,24.94803237915039
2017-07-20,6.697610855102539,11.75720500946045,23.96346092224121
2017-07-21,6.683082580566406,11.389229774475098,23.779897689819336
2017-07-24,6.683082580566406,11.559755325317383,24.305559158325195
2017-07-25,6.741195201873779,11.86490535736084,25.54044532775879
2017-07-26,6.661290168762207,11.721303939819336,24.747779846191406
2017-07-27,6.712141036987305,11.667454719543457,24.78115463256836
2017-07-28,6.712141036987305,11.784130096435547,25.31516456604004
2017-07-31,6.719403266906738,11.927729606628418,26.11617088317871
2017-08-01,6.937331199645996,11.775153160095215,25.91591453552246
2017-08-02,7.017238140106201,12.125177383422852,25.957639694213867
2017-08-03,7.002707481384277,11.9456787109375,25.598852157592773
2017-08-04,6.980915546417236,12.026453971862793,26.057762145996094
2017-08-07,7.13346529006958,12.161078453063965,27.050674438476562
2017-08-08,7.140727519989014,12.107227325439453,26.741954803466797
2017-08-09,7.111672401428223,12.134154319763184,26.633485794067383
2017-08-10,7.060821056365967,11.83797836303711,26.283044815063477
2017-08-11,7.097142696380615,11.622580528259277,25.698978424072266
2017-08-14,7.1988420486450195,11.73925495147705,26.11617088317871
2017-08-15,7.234724521636963,11.802080154418945,25.965978622436523
2017-08-16,7.242044448852539,11.784130096435547,26.474952697753906
2017-08-17,7.183465480804443,11.712328910827637,26.032732009887695
2017-08-18,7.278657913208008,12.205952644348145,26.32476234436035
2017-08-21,7.271335601806641,11.972604751586914,26.491640090942383
2017-08-22,7.344560623168945,12.376477241516113,26.583425521850586
2017-08-23,7.49833345413208,12.349553108215332,27.150802612304688
2017-08-24,7.556915760040283,12.385453224182129,28.268875122070312
2017-08-25,7.542272567749023,12.457252502441406,28.227157592773438
2017-08-28,7.527626037597656,12.448275566101074,28.66938018798828
2017-08-29,7.58620548248291,12.430329322814941,28.736129760742188
2017-08-30,7.593530178070068,12.071329116821289,28.652694702148438
2017-08-31,7.469043731689453,12.250825881958008,29.270137786865234
2017-09-01,7.6120452880859375,12.582901954650879,29.762418746948242
2017-09-04,7.582713603973389,12.71752643585205,30.121204376220703
2017-09-05,7.626713752746582,12.932924270629883,29.704011917114258
2017-09-06,7.839380741119385,13.480398178100586,29.87088966369629
2017-09-07,7.839380741119385,13.480398178100586,29.87088966369629
2017-09-08,7.861382007598877,13.202174186706543,28.769506454467773
2017-09-11,7.964050769805908,13.453474998474121,29.278480529785156
2017-09-12,8.000714302062988,13.345772743225098,29.420320510864258
2017-09-13,8.022712707519531,13.489372253417969,29.011476516723633
2017-09-14,8.052045822143555,13.498347282409668,28.05193519592285
2017-09-15,8.228048324584961,13.498347282409668,28.202123641967773
2017-09-18,8.279383659362793,13.498347282409668,28.577598571777344
2017-09-19,8.250048637390137,13.588098526000977,28.302248001098633
2017-09-20,8.16938304901123,14.243269920349121,27.67646026611328
2017-09-21,8.176716804504395,14.063769340515137,27.125770568847656
2017-09-22,8.162049293518066,14.081720352172852,26.625141143798828
2017-09-25,8.074048042297363,14.21634578704834,25.940948486328125
2017-09-26,8.066717147827148,13.965045928955078,26.283044815063477
2017-09-27,7.9493818283081055,13.74067211151123,26.641830444335938
2017-09-28,7.934713363647461,13.767597198486328,26.491640090942383
2017-09-29,8.088716506958008,13.731694221496582,26.591766357421875
2017-10-02,8.037383079528809,13.821446418762207,26.616796493530273
2017-10-03,8.352717399597168,14.34199333190918,27.267616271972656
2017-10-04,8.294051170349121,14.054795265197754,27.20920753479004
2017-10-05,8.345383644104004,14.270195960998535,26.925519943237305
2017-10-06,8.308717727661133,14.081720352172852,26.81705093383789
2017-10-09,8.184050559997559,14.26121997833252,26.283044815063477
2017-10-10,8.352717399597168,14.530468940734863,26.132856369018555
2017-10-11,8.330719947814941,14.431744575500488,25.94929313659668
2017-10-12,8.330719947814941,14.431744575500488,25.94929313659668
2017-10-13,8.323384284973145,14.431744575500488,27.45952606201172
2017-10-16,8.28671646118164,14.467644691467285,27.82665252685547
2017-10-17,8.191384315490723,14.476617813110352,27.184179306030273
2017-10-18,8.228048324584961,14.503543853759766,26.925519943237305
2017-10-19,8.176716804504395,14.494568824768066,27.534618377685547
2017-10-20,8.176716804504395,14.557394027709961,27.492902755737305
2017-10-23,7.986049652099609,14.539443969726562,27.292646408081055
2017-10-24,8.162049293518066,14.817668914794922,28.227157592773438
2017-10-25,8.28671646118164,15.006141662597656,27.993526458740234
2017-10-26,8.198714256286621,15.015119552612305,27.2592716217041
2017-10-27,8.176716804504395,15.284367561340332,27.159147262573242
2017-10-30,7.9493818283081055,15.059993743896484,26.99226951599121
2017-10-31,7.685378551483154,15.051016807556152,26.783674240112305
2017-11-01,7.626713752746582,15.167689323425293,27.384428024291992
2017-11-02,7.626713752746582,15.167689323425293,27.384428024291992
2017-11-03,7.700046062469482,15.203591346740723,27.985187530517578
2017-11-06,7.722048282623291,15.643363952636719,28.652694702148438
2017-11-07,7.553379058837891,14.808693885803223,27.96849822998047
2017-11-08,7.802712917327881,15.212566375732422,28.31893539428711
2017-11-09,7.678047180175781,15.006141662597656,27.367740631103516
2017-11-10,7.678047180175781,15.006141662597656,27.342710494995117
2017-11-13,7.678047180175781,14.934342384338379,27.65143394470215
2017-11-14,7.5680460929870605,13.776571273803711,26.833738327026367
2017-11-15,7.5680460929870605,13.776571273803711,26.833738327026367
2017-11-16,7.685378551483154,14.189420700073242,27.200864791870117
2017-11-17,7.773380279541016,14.377896308898926,27.467866897583008
2017-11-20,7.773380279541016,14.377896308898926,27.467866897583008
2017-11-21,7.890717029571533,14.270195960998535,28.410720825195312
2017-11-22,7.868716239929199,14.45866870880127,28.986446380615234
2017-11-23,7.861382007598877,14.530468940734863,29.37026023864746
2017-11-24,7.788045406341553,14.449694633483887,29.862545013427734
2017-11-27,7.912712574005127,14.243269920349121,29.54547882080078
2017-11-28,7.883378982543945,14.21634578704834,30.24636459350586
2017-11-29,7.692712783813477,13.758621215820312,29.787452697753906
2017-11-30,7.6120452880859375,13.803496360778809,29.32019805908203
2017-12-01,7.681813716888428,14.009921073913574,29.60388946533203
2017-12-04,7.711191177368164,13.8932466506958,30.730308532714844
2017-12-05,7.674470901489258,13.74067211151123,30.054452896118164
2017-12-06,7.784630298614502,13.929144859313965,29.837514877319336
2017-12-07,7.696500778198242,13.695796012878418,29.487070083618164
2017-12-08,7.725879669189453,13.776571273803711,29.60388946533203
2017-12-11,7.762599468231201,13.803496360778809,29.837514877319336
2017-12-12,7.843380928039551,13.9022216796875,30.187955856323242
2017-12-13,7.733222484588623,13.62399673461914,30.129547119140625
2017-12-14,7.711191177368164,13.47142219543457,30.238018035888672
2017-12-15,7.747908592224121,13.417572021484375,30.780366897583008
2017-12-18,7.711191177368164,13.659897804260254,31.573026657104492
2017-12-19,7.637753009796143,13.588098526000977,31.581371307373047
2017-12-20,7.75525426864624,13.677847862243652,32.66607666015625
2017-12-21,8.041671752929688,14.234295845031738,33.1500129699707
2017-12-22,8.049012184143066,14.13556957244873,33.55472183227539
2017-12-25,8.049012184143066,14.13556957244873,33.55472183227539
2017-12-26,8.084858894348145,14.33301830291748,33.60531234741211
2017-12-27,8.062483787536621,14.404818534851074,33.61375427246094
2017-12-28,8.069941520690918,14.449694633483887,33.95106506347656
2017-12-29,8.069941520690918,14.449694633483887,33.95106506347656
2018-01-02,8.226566314697266,14.85356616973877,35.182281494140625
2018-01-03,8.323527336120605,14.98819351196289,34.971458435058594
2018-01-04,8.480149269104004,15.015119552612305,35.114810943603516
2018-01-05,8.495068550109863,15.104866027832031,35.6629524230957
2018-01-08,8.487608909606934,15.284367561340332,36.455657958984375
2018-01-09,8.353358268737793,15.284367561340332,36.32072830200195
2018-01-10,8.353358268737793,15.077942848205566,35.81475067138672
2018-01-11,8.487608909606934,15.481819152832031,36.51469039916992
2018-01-12,8.509984016418457,15.526689529418945,36.72551727294922
2018-01-15,8.614401817321777,15.571565628051758,36.658050537109375
2018-01-16,8.726275444030762,15.84080982208252,35.671390533447266
2018-01-17,8.860527038574219,16.478036880493164,36.3881950378418
2018-01-18,8.905279159545898,16.352384567260742,36.143638610839844
2018-01-19,8.935111045837402,16.388286590576172,36.160499572753906
2018-01-22,9.158860206604004,16.57676124572754,35.966548919677734
2018-01-23,9.039527893066406,16.37033462524414,34.51607894897461
2018-01-24,9.628738403320312,17.35758399963379,35.23287582397461
2018-01-25,9.628738403320312,17.35758399963379,35.23287582397461
2018-01-26,10.031489372253418,17.887107849121094,34.93772506713867
2018-01-29,9.770448684692383,17.8153076171875,35.32563781738281
2018-01-30,9.83011245727539,17.49220848083496,34.971458435058594
2018-01-31,9.882323265075684,17.680683135986328,34.95459747314453
2018-02-01,9.852489471435547,18.416627883911133,35.24131393432617
2018-02-02,9.695862770080566,17.923006057739258,34.40644836425781
2018-02-05,9.397531509399414,17.088333129882812,34.02696228027344
2018-02-06,9.762989044189453,17.940956115722656,35.81475067138672
2018-02-07,9.561613082885742,17.44733238220215,35.17384338378906
2018-02-08,9.472113609313965,17.097309112548828,35.07265090942383
2018-02-09,9.457196235656738,16.846010208129883,35.418399810791016
2018-02-15,9.762989044189453,17.411436080932617,38.749420166015625
2018-02-16,9.994200706481934,17.429384231567383,38.8168830871582
2018-02-19,9.971823692321777,17.99480438232422,39.17106628417969
2018-02-20,10.374574661254883,18.344831466674805,38.37836837768555
2018-02-21,10.55357551574707,18.174304962158203,37.77962875366211
2018-02-22,10.725117683410645,18.61408042907715,38.51329803466797
2018-02-23,10.66195297241211,18.95512580871582,38.85905075073242
2018-02-26,10.677597045898438,19.314125061035156,39.97219467163086
2018-02-27,10.536789894104004,19.296173095703125,39.913169860839844
2018-02-28,10.263009071350098,19.26027488708496,37.990455627441406
2018-03-01,10.439212799072266,18.874351501464844,37.48448181152344
2018-03-02,10.525358200073242,19.30514907836914,36.8941650390625
2018-03-05,10.807287216186523,19.852624893188477,36.85200881958008
2018-03-06,10.760299682617188,19.655174255371094,36.6749153137207
2018-03-07,10.728973388671875,19.44875144958496,36.545711517333984
2018-03-08,10.658492088317871,19.475671768188477,35.36021423339844
2018-03-09,10.75246524810791,20.094945907592773,35.90605545043945
2018-03-12,10.854273796081543,20.04109764099121,36.21309280395508
2018-03-13,10.783793449401855,19.843645095825195,35.931644439697266
2018-03-14,10.674156188964844,20.085973739624023,36.33249282836914
2018-03-15,10.627166748046875,19.12565040588379,36.161922454833984
2018-03-16,10.525358200073242,19.23335075378418,36.076629638671875
2018-03-19,10.415718078613281,18.784603118896484,35.05318069458008
2018-03-20,10.415718078613281,18.99102783203125,35.479618072509766
2018-03-21,10.431378364562988,19.789796829223633,36.24720764160156
2018-03-22,10.392226219177246,19.49362564086914,35.76106643676758
2018-03-23,10.423551559448242,19.520551681518555,35.479618072509766
2018-03-26,10.595842361450195,19.771846771240234,35.82076644897461
2018-03-27,10.48620319366455,19.242324829101562,34.84849166870117
2018-03-28,10.611501693725586,19.026927947998047,35.42845153808594
2018-03-29,10.799455642700195,19.215402603149414,35.999874114990234
2018-04-02,10.736806869506836,18.75767707824707,36.673641204833984
2018-04-03,10.68198299407959,18.5871524810791,36.56277084350586
2018-04-04,10.689818382263184,18.290977478027344,36.28984832763672
2018-04-05,10.658492088317871,18.982051849365234,36.88685989379883
2018-04-06,10.572345733642578,19.098726272583008,36.451900482177734
2018-04-09,10.360898971557617,18.42560386657715,36.63100051879883
2018-04-10,10.40788745880127,19.206424713134766,38.24293518066406
2018-04-11,10.400059700012207,19.5654239654541,38.072357177734375
2018-04-12,10.564516067504883,19.457727432250977,38.217350006103516
2018-04-13,10.337406158447266,19.026927947998047,38.362335205078125
2018-04-16,10.14945125579834,18.50638198852539,37.98707580566406
2018-04-17,10.337406158447266,18.874351501464844,39.17256546020508
2018-04-18,10.541020393371582,19.5654239654541,40.49452590942383
2018-04-19,10.376561164855957,19.924421310424805,40.793033599853516
2018-04-20,10.290414810180664,20.068025588989258,40.622459411621094
2018-04-23,10.329573631286621,20.17572021484375,40.5115852355957
2018-04-24,10.306079864501953,20.10391616821289,41.20241165161133
2018-04-25,10.368732452392578,19.50259780883789,40.89537811279297
2018-04-26,10.705479621887207,20.310346603393555,41.5350341796875
2018-04-27,10.721141815185547,20.382143020629883,41.23652267456055
2018-04-30,10.658492088317871,20.615493774414062,41.50944519042969
2018-05-02,10.024149894714355,20.283424377441406,41.54356002807617
2018-05-03,9.750052452087402,20.1487979888916,41.867652893066406
2018-05-04,9.593423843383789,19.98724937438965,42.38791275024414
2018-05-07,9.609089851379395,20.32829475402832,41.99559020996094
2018-05-08,9.632584571838379,20.5616455078125,41.95294189453125
2018-05-09,9.656076431274414,22.239961624145508,42.85698699951172
2018-05-10,9.97716236114502,23.11053466796875,43.837799072265625
2018-05-11,9.820535659790039,22.832313537597656,44.88683319091797
2018-05-14,9.679570198059082,23.55030632019043,46.285552978515625
2018-05-15,9.546438217163086,24.04393196105957,46.60964584350586
2018-05-16,9.640414237976074,24.582427978515625,47.67573547363281
2018-05-17,9.217519760131836,23.290037155151367,47.23223876953125
2018-05-18,9.08438777923584,23.020788192749023,46.71198654174805
2018-05-21,9.029565811157227,22.482288360595703,45.20240020751953
2018-05-22,9.421133041381836,22.221494674682617,44.639495849609375
2018-05-23,9.201859474182129,20.926515579223633,44.29834747314453
2018-05-24,9.350653648376465,18.05777359008789,44.741844177246094
2018-05-25,9.217519760131836,17.805971145629883,43.90602493286133
2018-05-28,8.833784103393555,15.20701789855957,43.55634689331055
2018-05-29,8.771132469177246,17.356327056884766,42.78023147583008
2018-05-30,8.79462718963623,17.068552017211914,43.181087493896484
2018-06-01,8.927938461303711,14.532550811767578,44.99770736694336
2018-06-04,9.21259593963623,15.764580726623535,44.79301834106445
2018-06-05,8.755417823791504,14.919245719909668,45.82499694824219
2018-06-06,8.634651184082031,14.685428619384766,47.82072830200195
2018-06-07,8.108466148376465,14.172834396362305,46.3708381652832
2018-06-08,8.125716209411621,13.714195251464844,43.40283203125
2018-06-11,7.935943126678467,13.85808277130127,43.368717193603516
2018-06-12,7.927318096160889,13.903044700622559,44.093658447265625
2018-06-13,7.866937160491943,13.642252922058105,43.965728759765625
2018-06-14,7.608153343200684,13.579300880432129,44.10219192504883
2018-06-15,7.685788154602051,13.462393760681152,41.901771545410156
2018-06-18,7.427007675170898,13.039726257324219,41.96999740600586
2018-06-19,7.75479793548584,13.867074966430664,41.193885803222656
2018-06-20,7.918692111968994,14.5775146484375,41.62885284423828
2018-06-21,7.685788154602051,13.579300880432129,40.26424789428711
2018-06-22,7.746170520782471,13.588293075561523,40.9465446472168
2018-06-25,7.711667060852051,14.118877410888672,40.22160720825195
2018-06-26,7.841058731079102,14.424635887145996,41.22800064086914
2018-06-27,7.608153343200684,14.883273124694824,41.06595230102539
2018-06-28,7.797926902770996,14.928238868713379,41.85060119628906
2018-06-29,7.918692111968994,15.458822250366211,42.29409408569336
2018-07-02,8.004952430725098,15.710624694824219,41.58620071411133
2018-07-03,8.272358894348145,15.737598419189453,40.903907775878906
2018-07-04,8.349995613098145,15.83652400970459,40.96360778808594
2018-07-05,8.3672456741333,16.06134605407715,42.38791275024414
2018-07-06,8.384499549865723,16.133289337158203,42.933746337890625
2018-07-10,8.401749610900879,15.962425231933594,42.242919921875
2018-07-11,8.427629470825195,15.656665802001953,41.67149353027344
2018-07-12,8.548391342163086,16.142282485961914,43.02756881713867
2018-07-13,8.738165855407715,16.28616714477539,42.908164978027344
2018-07-16,8.789918899536133,16.07933235168457,42.64377212524414
2018-07-17,8.962442398071289,16.448043823242188,43.24078369140625
2018-07-18,8.953815460205078,16.232210159301758,43.88043975830078
2018-07-19,9.083205223083496,16.546964645385742,42.15763473510742
2018-07-20,9.37649154663086,17.347335815429688,41.55208969116211
2018-07-23,9.143586158752441,17.320354461669922,42.30261993408203
2018-07-24,9.160839080810547,17.680070877075195,43.76103973388672
2018-07-25,9.454127311706543,17.949857711791992,44.13630294799805
2018-07-26,9.290230751037598,17.455245971679688,45.0147590637207
2018-07-27,9.264351844787598,17.778995513916016,45.5861930847168
2018-07-30,9.359237670898438,17.886905670166016,46.33672332763672
2018-07-31,8.988316535949707,17.734025955200195,46.771690368652344
2018-08-01,9.18671989440918,17.994823455810547,45.253570556640625
2018-08-02,9.238476753234863,18.35453987121582,45.06593704223633
2018-08-03,9.514505386352539,18.984046936035156,46.11042785644531
2018-08-06,9.37649154663086,18.921096801757812,45.97880935668945
2018-08-07,9.359237670898438,18.624324798583984,46.285919189453125
2018-08-08,9.160839080810547,18.11172866821289,45.97880935668945
2018-08-09,8.979693412780762,18.291589736938477,45.4874382019043
2018-08-10,8.634651184082031,17.61712074279785,45.37336730957031
2018-08-13,8.591522216796875,18.021799087524414,45.87351608276367
2018-08-14,8.798544883728027,18.012784957885742,46.29469680786133
2018-08-15,8.781294822692871,17.174354553222656,44.232669830322266
2018-08-16,8.695036888122559,17.084199905395508,43.627227783203125
2018-08-17,8.58289623260498,16.642444610595703,44.57487487792969
2018-08-20,8.56421947479248,16.552288055419922,45.136451721191406
2018-08-21,8.370378494262695,15.975301742553711,45.39091491699219
2018-08-22,8.555404663085938,16.54327392578125,46.76852035522461
2018-08-23,8.326322555541992,16.18265724182129,46.81239700317383
2018-08-24,8.361567497253418,16.498193740844727,47.514366149902344
2018-08-27,8.59946346282959,16.86782455444336,48.84809875488281
2018-08-28,8.458484649658203,16.54327392578125,48.83055114746094
2018-08-29,8.696379661560059,17.399738311767578,48.453243255615234
2018-08-30,8.308701515197754,16.948965072631836,47.88289260864258
2018-08-31,8.449674606323242,17.36367416381836,47.04930877685547
2018-09-03,8.357015609741211,17.129276275634766,47.42661666870117
2018-09-04,8.259943008422852,16.81373405456543,45.62782669067383
2018-09-05,8.259943008422852,16.903894424438477,45.75945281982422
2018-09-06,8.559983253479004,17.12026023864746,46.92646789550781
2018-09-10,8.551159858703613,17.36367416381836,46.69832992553711
2018-09-11,8.198171615600586,16.678503036499023,46.14552307128906
2018-09-12,8.251120567321777,17.084199905395508,46.900142669677734
2018-09-13,8.304064750671387,16.86782455444336,47.18970489501953
2018-09-14,8.498211860656738,16.939956665039062,48.43569564819336
2018-09-17,8.63058090209961,17.489892959594727,48.29530334472656
2018-09-18,8.745304107666016,18.256200790405273,50.313453674316406
2018-09-19,8.736480712890625,18.012784957885742,51.40150833129883
2018-09-20,8.612932205200195,17.913619995117188,52.050819396972656
2018-09-21,8.710004806518555,18.157032012939453,53.533721923828125
2018-09-24,8.462911605834961,18.030820846557617,52.8229866027832
2018-09-25,8.533512115478516,18.10293960571289,54.577903747558594
2018-09-26,8.612932205200195,18.202110290527344,52.65626525878906
2018-09-27,8.868850708007812,19.347068786621094,52.19121551513672
2018-09-28,8.912971496582031,19.01349449157715,52.48955154418945
2018-10-01,8.815899848937988,18.932355880737305,52.99848175048828
2018-10-02,9.177716255187988,20.573158264160156,53.700443267822266
2018-10-03,9.477755546569824,21.447656631469727,52.60362243652344
2018-10-04,9.407155990600586,21.655010223388672,51.59454345703125
2018-10-05,9.292436599731445,21.60091781616211,50.44507598876953
2018-10-08,9.857219696044922,23.98098373413086,50.058990478515625
2018-10-09,9.777798652648926,24.179325103759766,50.629337310791016
2018-10-10,9.539528846740723,23.485137939453125,49.041141510009766
2018-10-11,9.486581802368164,22.79996681213379,49.558841705322266
2018-10-15,9.54835319519043,23.23270606994629,50.6030158996582
2018-10-16,9.945466995239258,24.098182678222656,50.629337310791016
2018-10-17,9.857219696044922,23.845754623413086,51.59454345703125
2018-10-18,9.55717945098877,23.169597625732422,49.576393127441406
2018-10-19,9.539528846740723,23.367937088012695,49.60271453857422
2018-10-22,9.689547538757324,23.917875289916992,51.21723556518555
2018-10-23,9.671899795532227,23.62036895751953,49.795753479003906
2018-10-24,9.442458152770996,23.151565551757812,47.76005172729492
2018-10-25,9.54835319519043,23.728551864624023,47.917991638183594
2018-10-26,9.742499351501465,24.882526397705078,48.786678314208984
2018-10-29,9.610128402709961,23.818710327148438,46.5930290222168
2018-10-30,9.980766296386719,25.24314308166504,47.2686767578125
2018-10-31,9.918993949890137,24.900562286376953,49.76065444946289
2018-11-01,10.060188293457031,24.630094528198242,50.45384979248047
2018-11-05,10.148435592651367,25.387388229370117,50.48017120361328
2018-11-06,10.192560195922852,24.51289939880371,50.21693420410156
2018-11-07,10.236684799194336,23.710525512695312,50.53282165527344
2018-11-08,9.971941947937012,22.854061126708984,50.03266906738281
2018-11-09,10.192560195922852,22.95323371887207,47.953094482421875
2018-11-12,10.095486640930176,22.836029052734375,48.128578186035156
2018-11-13,10.02488899230957,21.853349685668945,49.374576568603516
2018-11-14,10.192560195922852,22.628673553466797,48.400596618652344
2018-11-16,10.58084774017334,23.25975227355957,49.26927947998047
2018-11-19,10.651446342468262,23.440061569213867,48.58485794067383
2018-11-21,10.457300186157227,22.691781997680664,47.84779357910156
2018-11-22,10.44847583770752,22.76419448852539,47.417842864990234
2018-11-23,10.466123580932617,22.05818748474121,44.18001937866211
2018-11-26,10.271980285644531,21.949569702148438,43.978206634521484
2018-11-27,10.669093132019043,23.10814666748047,43.80271911621094
2018-11-28,10.916186332702637,22.97237205505371,45.89106369018555
2018-11-29,11.022082328796387,22.78229331970215,45.62782669067383
2018-11-30,10.889711380004883,23.044788360595703,46.329795837402344
2018-12-03,10.810161590576172,23.4792537689209,47.47926712036133
2018-12-04,10.651058197021484,22.936168670654297,46.399993896484375
2018-12-05,10.651058197021484,23.135299682617188,46.329795837402344
2018-12-06,10.925069808959961,22.2573184967041,45.89106369018555
2018-12-07,10.712934494018555,22.42024040222168,45.00482940673828
2018-12-10,10.385885238647461,21.216411590576172,44.04840087890625
2018-12-11,10.421244621276855,21.08064079284668,44.399383544921875
2018-12-12,10.527311325073242,21.08969497680664,44.19757080078125
2018-12-13,10.6952543258667,21.144001007080078,44.399383544921875
2018-12-14,10.76596450805664,20.863405227661133,44.645076751708984
2018-12-17,10.47427749633789,20.700481414794922,44.96973419189453
2018-12-18,10.525666236877441,19.91301155090332,45.136451721191406
2018-12-19,10.51682186126709,20.139297485351562,43.88168716430664
2018-12-20,10.507978439331055,19.45138931274414,43.70619583129883
2018-12-21,10.392989158630371,19.505701065063477,44.627525329589844
2018-12-26,10.260315895080566,20.298309326171875,44.25899124145508
2018-12-27,10.437216758728027,20.28894805908203,43.434181213378906
2018-12-28,10.684880256652832,21.23457908630371,44.750370025634766
2019-01-02,11.18904972076416,22.526630401611328,44.82933807373047
2019-01-03,11.286347389221191,23.079029083251953,42.995452880859375
2019-01-04,11.250967979431152,23.144567489624023,45.7945442199707
2019-01-07,11.242118835449219,23.509716033935547,45.548858642578125
2019-01-08,11.392485618591309,23.36927604675293,45.98758316040039
2019-01-09,11.542854309082031,23.85613441467285,47.11073303222656
2019-01-10,11.463249206542969,23.6501522064209,46.5930290222168
2019-01-11,11.32172679901123,23.397361755371094,45.96126174926758
2019-01-14,11.489781379699707,23.266284942626953,46.154300689697266
2019-01-15,11.419022560119629,23.24755859375,45.9349365234375
2019-01-16,11.42786693572998,23.238197326660156,46.19817352294922
2019-01-17,11.445556640625,23.556528091430664,47.58456039428711
2019-01-18,11.436713218688965,23.781230926513672,48.04961013793945
2019-01-21,11.392485618591309,23.9029483795166,48.505889892578125
2019-01-22,11.33941650390625,23.528438568115234,48.33040237426758
2019-01-23,11.489781379699707,23.8093204498291,48.83055114746094
2019-01-24,11.675529479980469,23.912309646606445,49.26927947998047
2019-01-28,11.932036399841309,23.191383361816406,37.16912841796875
2019-01-29,11.737447738647461,23.753145217895508,37.502567291259766
2019-01-30,11.870121955871582,23.987213134765625,40.88955307006836
2019-01-31,11.94088363647461,23.94976043701172,39.924354553222656
2019-02-01,11.976261138916016,24.155738830566406,40.58243942260742
2019-02-04,12.206235885620117,24.371082305908203,39.204830169677734
2019-02-05,11.825896263122559,24.417898178100586,39.06443786621094
2019-02-06,11.32172679901123,23.865497589111328,37.25687789916992
2019-02-07,11.33941650390625,23.490989685058594,36.49348831176758
2019-02-08,11.702065467834473,23.528438568115234,37.871097564697266
2019-02-11,11.622461318969727,23.256919860839844,36.870792388916016
2019-02-12,11.817049980163574,24.08083724975586,38.871395111083984
2019-02-13,11.560541152954102,24.389806747436523,39.91557693481445
2019-02-14,11.852431297302246,25.232450485229492,40.06474304199219
2019-02-15,11.702065467834473,25.129459381103516,40.257781982421875
2019-02-18,11.463249206542969,25.05455780029297,39.704986572265625
2019-02-19,11.702065467834473,25.63504409790039,39.91557693481445
2019-02-20,11.675529479980469,25.316715240478516,40.18758773803711
2019-02-21,11.993952751159668,25.653770446777344,39.81905746459961
2019-02-22,11.804712295532227,25.400976181030273,41.23176193237305
2019-02-25,11.7223539352417,24.998382568359375,41.34583282470703
2019-02-26,11.7315034866333,24.886030197143555,41.41603088378906
2019-02-27,11.566784858703613,25.35416603088379,41.09136962890625
2019-02-28,11.319711685180664,25.335437774658203,41.32828140258789
2019-03-01,11.237221717834473,24.998382568359375,41.01239776611328
2019-03-07,11.264719009399414,25.063920974731445,42.87260818481445
2019-03-08,11.466363906860352,24.970293045043945,42.86383056640625
2019-03-11,11.787165641784668,25.981464385986328,43.76762008666992
2019-03-12,11.823827743530273,25.74739646911621,43.84659194946289
2019-03-13,11.897154808044434,26.309158325195312,44.48713302612305
2019-03-14,11.704672813415527,26.39342498779297,44.49590301513672
2019-03-15,11.732171058654785,26.44959831237793,44.35551071166992
2019-03-18,11.814663887023926,26.908370971679688,44.27653884887695
2019-03-19,11.63134765625,27.33905601501465,45.54008483886719
2019-03-20,11.429701805114746,27.12371063232422,44.364288330078125
2019-03-21,11.255552291870117,26.73984146118164,44.65385055541992
2019-03-22,10.9347505569458,25.279260635375977,43.916786193847656
2019-03-25,10.962247848510742,25.597597122192383,43.47805404663086
2019-03-26,11.026407241821289,26.805377960205078,44.118595123291016
2019-03-27,10.476463317871094,25.597597122192383,43.52192687988281
2019-03-28,11.0447416305542,26.27170753479004,43.258689880371094
2019-03-29,10.98058032989502,26.27170753479004,44.68894577026367
2019-04-01,10.98058032989502,26.215532302856445,46.154300689697266
2019-04-02,10.879755973815918,26.487051010131836,45.30316925048828
2019-04-03,10.769765853881836,25.784849166870117,45.43478775024414
2019-04-04,10.815593719482422,26.65557861328125,45.76822280883789
2019-04-05,11.063071250915527,26.945819854736328,45.61027908325195
2019-04-08,11.053903579711914,27.385866165161133,46.84749221801758
2019-04-09,10.888924598693848,27.301605224609375,45.9349365234375
2019-04-10,10.833928108215332,26.945819854736328,45.417236328125
2019-04-11,10.696440696716309,26.215532302856445,45.443565368652344
2019-04-12,10.586450576782227,24.183828353881836,45.171546936035156
2019-04-15,10.56811809539795,24.27745819091797,45.03993225097656
2019-04-16,10.65977668762207,25.017107009887695,46.5930290222168
2019-04-17,10.5131254196167,25.04519271850586,45.84719467163086
2019-04-18,10.623113632202148,25.84102439880371,46.13675308227539
2019-04-22,10.586450576782227,25.69122314453125,45.013607025146484
2019-04-23,10.86142635345459,25.915925979614258,45.55763244628906
2019-04-24,10.86142635345459,25.84102439880371,44.18879318237305
2019-04-25,11.03557300567627,26.028274536132812,44.162471771240234
2019-04-26,11.017245292663574,25.531234741210938,44.2414436340332
2019-04-29,10.815593719482422,25.64366340637207,44.0922737121582
2019-04-30,10.91641902923584,25.400066375732422,43.96065902709961
2019-05-02,10.953081130981445,25.04402732849121,42.94280242919922
2019-05-03,10.788098335266113,25.156461715698242,44.22389221191406
2019-05-06,10.485626220703125,25.08150863647461,43.57457733154297
2019-05-07,10.485626220703125,24.687999725341797,43.609676361083984
2019-05-08,10.577285766601562,25.64366340637207,42.995452880859375
2019-05-09,10.53145694732666,25.137720108032227,42.59182357788086
2019-05-10,10.494793891906738,24.997182846069336,43.399085998535156
2019-05-13,10.311478614807129,24.266382217407227,41.61784362792969
2019-05-14,10.329813003540039,24.360076904296875,41.758235931396484
2019-05-15,10.311478614807129,24.247644424438477,42.07412338256836
2019-05-16,10.155661582946777,23.676116943359375,40.71406173706055
2019-05-17,10.155661582946777,23.123332977294922,41.87230682373047
2019-05-20,10.485626220703125,23.91035270690918,41.02116775512695
2019-05-21,10.806431770324707,24.819169998168945,41.60029602050781
2019-05-22,10.742268562316895,24.72512435913086,41.644168853759766
2019-05-23,10.705605506896973,24.301908493041992,41.96005630493164
2019-05-24,10.586450576782227,24.537025451660156,42.39000701904297
2019-05-27,10.6139497756958,24.6780948638916,44.03962326049805
2019-05-28,10.879755973815918,25.20476531982422,44.0922737121582
2019-05-29,11.145562171936035,24.922624588012695,43.609676361083984
2019-05-30,11.301382064819336,24.593454360961914,43.88168716430664
2019-05-31,11.356375694274902,24.02916717529297,42.995452880859375
2019-06-03,11.402276992797852,24.442981719970703,42.84628677368164
2019-06-04,11.42982006072998,24.64048194885254,43.091976165771484
2019-06-05,11.154402732849121,24.320720672607422,42.460201263427734
2019-06-06,11.28293228149414,24.715717315673828,42.81996154785156
2019-06-07,11.383916854858398,25.167144775390625,42.69711685180664
2019-06-10,11.209486961364746,25.06369400024414,42.41633224487305
2019-06-11,11.237030029296875,25.5433349609375,45.12767791748047
2019-06-12,11.18194580078125,25.251787185668945,45.18032455444336
2019-06-13,11.03505802154541,25.56214714050293,45.49620819091797
2019-06-14,10.998333930969238,25.449289321899414,45.101356506347656
2019-06-17,10.989151000976562,25.496313095092773,44.04840087890625
2019-06-18,11.200305938720703,25.81607437133789,45.62782669067383
2019-06-19,11.365556716918945,25.881906509399414,45.89106369018555
2019-06-21,11.56752872467041,26.596670150756836,46.01390838623047
2019-06-24,11.61343002319336,26.568456649780273,45.97880935668945
2019-06-25,11.549165725708008,25.87250328063965,45.083805084228516
2019-06-26,11.916390419006348,26.022977828979492,45.25929641723633
2019-06-27,11.87966537475586,25.609169006347656,45.36458969116211
2019-06-28,11.833765029907227,25.778457641601562,45.46988296508789
2019-07-01,11.861307144165039,25.63738441467285,47.07563781738281
2019-07-02,11.73277759552002,25.223573684692383,45.09257888793945
2019-07-03,11.907207489013672,25.56214714050293,45.00482940673828
2019-07-04,12.072461128234863,25.759645462036133,45.3382682800293
2019-07-05,12.182628631591797,25.76905059814453,44.18879318237305
2019-07-08,12.191807746887207,26.004169464111328,44.70649719238281
2019-07-10,12.246891021728516,26.399168014526367,45.74189758300781
2019-07-11,12.118363380432129,26.70952606201172,45.67170333862305
2019-07-12,11.934751510620117,26.831790924072266,45.46111297607422
2019-07-15,11.888850212097168,26.50262451171875,46.233272552490234
2019-07-16,11.833765029907227,26.1734561920166,46.549156188964844
2019-07-17,11.870487213134766,26.032386779785156,46.233272552490234
2019-07-18,12.127544403076172,25.87250328063965,46.14552307128906
2019-07-19,11.9806547164917,25.806669235229492,46.25959777832031
2019-07-22,12.164266586303711,25.853694915771484,46.022682189941406
2019-07-23,12.228529930114746,25.881906509399414,45.417236328125
2019-07-24,12.210172653198242,25.722026824951172,44.443260192871094
2019-07-25,11.842944145202637,25.28940773010254,44.3028678894043
2019-07-26,11.943931579589844,24.58405113220215,44.07472610473633
2019-07-29,11.925572395324707,24.809762954711914,44.10104751586914
2019-07-30,11.73277759552002,24.6780948638916,43.88168716430664
2019-07-31,11.448182106018066,24.527624130249023,43.70619583129883
2019-08-01,11.521625518798828,24.687501907348633,42.46897888183594
2019-08-02,11.43900203704834,24.941431045532227,41.977603912353516
2019-08-05,11.255391120910645,24.02916717529297,40.363075256347656
2019-08-06,11.622613906860352,24.33952522277832,40.907100677490234
2019-08-07,11.925572395324707,24.076194763183594,40.78425979614258
2019-08-08,12.044918060302734,24.781551361083984,41.39847946166992
2019-08-09,11.98983383178711,24.715717315673828,39.91557693481445
2019-08-12,11.56752872467041,24.123214721679688,39.626014709472656
2019-08-13,11.861307144165039,24.445491790771484,40.80180358886719
2019-08-14,11.705235481262207,23.620847702026367,39.38032531738281
2019-08-15,11.751139640808105,22.966819763183594,38.51164245605469
2019-08-16,11.798770904541016,22.663501739501953,38.336151123046875
2019-08-19,11.591276168823242,22.777244567871094,38.30105209350586
2019-08-20,11.412078857421875,22.76776695251465,38.46776580810547
2019-08-21,11.553548812866211,24.12321662902832,38.73978042602539
2019-08-22,11.364922523498535,23.905208587646484,38.51164245605469
2019-08-23,11.20458698272705,23.01421356201172,37.97639083862305
2019-08-26,11.157427787780762,22.710893630981445,37.55521011352539
2019-08-27,11.336627006530762,23.07108497619629,38.01148986816406
2019-08-28,11.506394386291504,23.30805206298828,38.151885986328125
2019-08-29,11.562982559204102,24.170610427856445,39.573368072509766
2019-08-30,11.591276168823242,24.170610427856445,39.98577117919922
2019-09-02,11.468467712402344,23.981035232543945,40.371849060058594
2019-09-03,11.28897762298584,24.265398025512695,39.941898345947266
2019-09-04,11.468467712402344,24.890989303588867,40.819358825683594
2019-09-05,11.884127616882324,25.014209747314453,40.819358825683594
2019-09-06,12.233663558959961,25.137434005737305,40.7579345703125
2019-09-09,12.384812355041504,25.526060104370117,42.02147674560547
2019-09-10,12.262002944946289,25.687198638916016,42.328582763671875
2019-09-11,12.224212646484375,25.46919059753418,42.07412338256836
2019-09-12,12.384812355041504,25.649282455444336,43.60089874267578
2019-09-13,12.432044982910156,25.478666305541992,43.68864822387695
2019-09-16,12.394259452819824,26.597148895263672,42.63569641113281
2019-09-17,12.45093822479248,26.246440887451172,42.90770721435547
2019-09-18,12.469830513000488,25.80093765258789,42.46897888183594
2019-09-19,12.356470108032227,25.867292404174805,42.39877700805664
2019-09-20,12.507621765136719,25.592409133911133,42.48652648925781
2019-09-23,12.37536334991455,26.047388076782227,42.20574188232422
2019-09-24,12.337577819824219,25.84833335876465,41.179115295410156
2019-09-25,12.413152694702148,25.914688110351562,41.99515151977539
2019-09-26,12.677665710449219,26.255918502807617,41.99515151977539
2019-09-27,12.649324417114258,26.218002319335938,41.81966018676758
2019-09-30,12.45093822479248,26.113739013671875,41.89863204956055
2019-10-01,12.233663558959961,26.075822830200195,41.86353302001953
2019-10-02,11.95025634765625,25.327007293701172,39.573368072509766
2019-10-03,11.808555603027344,25.345966339111328,39.8717041015625
2019-10-04,11.818002700805664,25.127954483032227,40.880775451660156
2019-10-07,11.506256103515625,24.805679321289062,40.39817428588867
2019-10-08,11.468467712402344,24.66349983215332,39.76640701293945
2019-10-09,11.647957801818848,25.137434005737305,40.073516845703125
2019-10-10,11.742426872253418,25.345966339111328,41.45112991333008
2019-10-11,11.997490882873535,25.838855743408203,42.6795654296875
2019-10-14,12.195874214172363,25.886247634887695,42.10921859741211
2019-10-15,12.214767456054688,26.161130905151367,42.03902816772461
2019-10-16,12.441492080688477,26.473926544189453,41.06504821777344
2019-10-17,12.422598838806152,26.218002319335938,40.98606872558594
2019-10-18,12.34702205657959,26.161130905151367,40.389400482177734
2019-10-21,12.52651309967041,26.322269439697266,41.424800872802734
2019-10-22,12.809918403625488,27.080562591552734,41.5037727355957
2019-10-23,12.904388427734375,27.440752029418945,41.337059020996094
2019-10-24,12.894940376281738,26.843595504760742,41.02116775512695
2019-10-25,13.02719783782959,27.72511100769043,42.609375
2019-10-28,13.140559196472168,28.056865692138672,42.732215881347656
2019-10-29,13.01774787902832,28.265392303466797,42.6883430480957
2019-10-30,13.178345680236816,28.511837005615234,42.63569641113281
2019-10-31,12.951622009277344,28.80567741394043,41.41603088378906
2019-11-01,12.998857498168945,28.84359359741211,42.50407409667969
2019-11-04,13.131113052368164,28.777244567871094,43.714969635009766
2019-11-05,13.291707038879395,28.104257583618164,43.75883865356445
2019-11-06,13.187790870666504,28.161128997802734,43.60089874267578
2019-11-07,13.168898582458496,29.289091110229492,43.96943664550781
2019-11-08,12.998857498168945,28.454967498779297,43.15339660644531
2019-11-11,13.12166690826416,28.862552642822266,42.23206329345703
2019-11-12,12.970515251159668,28.643978118896484,42.03025436401367
2019-11-13,12.753238677978516,28.529476165771484,41.34583282470703
2019-11-14,12.876046180725098,27.95697784423828,41.24053955078125
2019-11-18,12.847705841064453,27.74706268310547,41.775787353515625
2019-11-19,12.677665710449219,27.460813522338867,42.26715850830078
2019-11-21,12.762685775756836,28.481769561767578,42.48652648925781
2019-11-22,12.951622009277344,28.60580825805664,43.899234771728516
2019-11-25,12.639874458312988,28.36726951599121,44.627525329589844
2019-11-26,12.337577819824219,27.852022171020508,44.94341278076172
2019-11-27,12.488727569580078,27.985605239868164,44.3818359375
2019-11-28,12.51706600189209,28.176437377929688,44.19757080078125
2019-11-29,12.535962104797363,27.813854217529297,43.85536575317383
2019-12-02,12.640032768249512,27.737524032592773,45.048709869384766
2019-12-03,12.611647605895996,27.651647567749023,44.2414436340332
2019-12-04,12.914405822753906,28.30047607421875,44.68016815185547
2019-12-05,12.857638359069824,28.6726016998291,44.70649719238281
2019-12-06,12.734644889831543,28.958852767944336,45.05747604370117
2019-12-09,12.942790031433105,28.825267791748047,45.136451721191406
2019-12-10,12.923868179321289,29.044727325439453,44.92586135864258
2019-12-11,12.886021614074707,29.00655746459961,45.47866439819336
2019-12-12,12.867098808288574,29.550430297851562,46.4614143371582
2019-12-13,12.967382431030273,28.60580825805664,47.172149658203125
2019-12-16,12.844334602355957,28.06193733215332,46.80362319946289
2019-12-17,13.09043025970459,28.481769561767578,46.873817443847656
2019-12-18,13.222945213317871,29.14014434814453,46.917694091796875
2019-12-19,13.232410430908203,29.20693588256836,47.382747650146484
2019-12-20,13.109363555908203,28.872976303100586,48.07593536376953
2019-12-23,13.204015731811523,29.101972579956055,47.89167022705078
2019-12-26,13.43117904663086,29.493183135986328,48.07593536376953
2019-12-27,13.3743896484375,29.52408218383789,48.27802276611328
2019-12-30,13.336527824401855,29.195175170898438,48.0078125
2020-01-02,13.582627296447754,29.69820785522461,48.935546875
2020-01-03,13.3838529586792,29.45636749267578,48.575260162353516
2020-01-06,13.355457305908203,29.80461883544922,48.28703308105469
2020-01-07,13.175618171691895,29.688533782958984,48.638309478759766
2020-01-08,12.976848602294922,29.504732131958008,48.647315979003906
2020-01-09,12.72128677368164,29.407995223999023,48.0078125
2020-01-10,12.636100769042969,29.282241821289062,48.06185531616211
2020-01-13,12.806475639343262,29.340280532836914,49.809226989746094
2020-01-14,12.948453903198242,29.02105140686035,50.11547088623047
2020-01-15,12.740219116210938,28.58573341369629,49.95334243774414
2020-01-16,12.7686128616333,28.556711196899414,49.692138671875
2020-01-17,12.87273120880127,28.875946044921875,51.34043502807617
2020-01-20,12.692892074584961,29.02105140686035,51.66469192504883
2020-01-21,12.399470329284668,28.65345001220703,50.46674728393555
2020-01-22,12.57930850982666,28.334218978881836,50.709938049316406
2020-01-23,12.825407981872559,28.682472229003906,49.98937225341797
2020-01-24,12.636100769042969,28.343891143798828,48.458168029785156
2020-01-27,12.36160945892334,27.11533546447754,45.49483108520508
2020-01-28,12.408934593200684,27.860206604003906,46.1163215637207
2020-01-29,12.276420593261719,27.90857696533203,45.711002349853516
2020-01-30,12.380537033081055,27.99563980102539,46.38653564453125
2020-01-31,12.17230224609375,27.521631240844727,45.278663635253906
2020-02-03,12.162837982177734,27.26044273376465,45.85511779785156
2020-02-04,12.191232681274414,27.695755004882812,47.080078125
2020-02-05,12.257489204406738,27.46358871459961,47.72859191894531
2020-02-06,12.134443283081055,28.227807998657227,47.98979568481445
2020-02-07,12.106046676635742,27.985965728759766,46.92695999145508
2020-02-10,12.352143287658691,28.179439544677734,45.206600189208984
2020-02-11,12.569843292236328,28.51801872253418,46.881927490234375
2020-02-12,12.655033111572266,29.146806716918945,47.8006477355957
2020-02-13,12.46572494506836,28.750186920166016,46.962989807128906
2020-02-14,12.304818153381348,28.459976196289062,45.93617630004883
2020-02-17,12.304818153381348,28.40193748474121,48.10688781738281
2020-02-18,12.48465633392334,28.779207229614258,47.55745315551758
2020-02-19,12.62663459777832,29.553102493286133,47.566463470458984
2020-02-20,12.541444778442383,28.943660736083984,47.017032623291016
2020-02-21,12.33537769317627,28.18911361694336,45.152565002441406
2020-02-27,11.430205345153809,24.47441864013672,40.05454635620117
2020-02-28,11.565017700195312,24.513113021850586,39.91043472290039
2020-03-02,11.873676300048828,25.664283752441406,41.75688552856445
2020-03-03,11.700054168701172,25.19994354248047,41.74787902832031
2020-03-04,11.76757526397705,26.01253318786621,43.74745559692383
2020-03-05,11.410688400268555,24.464746475219727,42.19823455810547
2020-03-06,11.150259971618652,22.085018157958984,40.18064498901367
2020-03-09,10.44613265991211,15.526260375976562,34.07383728027344
2020-03-10,10.667981147766113,16.986988067626953,40.36079025268555
2020-03-11,10.031373023986816,15.332788467407227,36.69490432739258
2020-03-12,8.94143009185791,12.188840866088867,31.84007453918457
2020-03-13,9.838462829589844,14.89747142791748,38.64043426513672
2020-03-16,8.77745246887207,12.662851333618164,35.1636962890625
2020-03-17,9.20185661315918,12.575788497924805,37.38844680786133
2020-03-18,8.748517036437988,10.921588897705078,34.81241989135742
2020-03-19,8.449501991271973,11.811567306518555,32.785823822021484
2020-03-20,8.01545524597168,11.608418464660645,31.69596290588379
2020-03-23,7.263101577758789,11.124735832214355,30.714189529418945
2020-03-24,7.783960819244385,12.817630767822266,33.90270233154297
2020-03-25,8.30482006072998,13.852713584899902,36.793975830078125
2020-03-26,8.66170597076416,13.920430183410645,37.82979202270508
2020-03-27,8.198720932006836,12.865999221801758,36.118446350097656
2020-03-30,8.507376670837402,12.943387985229492,37.62263107299805
2020-03-31,8.459150314331055,13.533483505249023,38.92866516113281
2020-04-01,7.967227458953857,13.833367347717285,39.06376647949219
2020-04-02,8.073328018188477,15.003883361816406,38.5323486328125
2020-04-03,7.822543144226074,14.839430809020996,36.47873306274414
2020-04-06,8.401276588439941,15.255399703979492,38.847599029541016
2020-04-07,8.652061462402344,15.864840507507324,39.43305587768555
2020-04-08,8.989653587341309,16.754817962646484,39.18986511230469
2020-04-09,8.91248893737793,16.271133422851562,38.982704162597656
2020-04-13,9.153630256652832,16.377548217773438,40.14461898803711
2020-04-14,9.25973129272461,16.184072494506836,40.10858917236328
2020-04-15,8.970364570617676,15.845492362976074,38.90163803100586
2020-04-16,8.700289726257324,15.207030296325684,38.51433181762695
2020-04-17,8.816035270690918,15.603650093078613,39.6312141418457
2020-04-20,8.652061462402344,15.429524421691895,38.244117736816406
2020-04-22,8.642415046691895,16.203418731689453,38.64043426513672
2020-04-23,8.526668548583984,16.3973331451416,39.18986511230469
2020-04-24,8.102262496948242,15.429938316345215,39.415042877197266
2020-04-27,8.362693786621094,15.9136381149292,40.12660217285156
2020-04-28,8.951072692871094,16.688007354736328,40.18064498901367
2020-04-29,8.931779861450195,17.607057571411133,42.09014892578125
2020-04-30,8.680996894836426,17.461942672729492,40.405826568603516
2020-05-04,8.391632080078125,16.813770294189453,39.56816482543945
2020-05-05,8.594185829162598,17.355527877807617,39.36100387573242
2020-05-06,8.391632080078125,16.717029571533203,39.92844772338867
2020-05-07,7.996161460876465,16.87181854248047,41.477664947509766
2020-05-08,8.189072608947754,17.877933502197266,43.99965286254883
2020-05-11,8.12155532836914,17.558685302734375,42.99085998535156
2020-05-12,7.89006233215332,17.54901123046875,42.7476692199707
2020-05-13,7.928645133972168,17.016929626464844,43.72043228149414
2020-05-14,8.218012809753418,16.833118438720703,43.31511306762695
2020-05-15,7.851479530334473,16.591264724731445,43.27908706665039
2020-05-18,8.237300872802734,17.93598175048828,46.17036056518555
2020-05-19,7.947935104370117,18.07141876220703,47.10709762573242
2020-05-20,7.957581043243408,18.671218872070312,47.2872428894043
2020-05-21,8.381983757019043,18.564804077148438,46.05327224731445
2020-05-22,8.54595947265625,18.061744689941406,45.278663635253906
2020-05-25,8.91248893737793,18.845354080200195,45.12554168701172
2020-05-26,8.603832244873047,19.029165267944336,44.314903259277344
2020-05-27,8.787097930908203,19.28069496154785,45.61192321777344
2020-05-28,8.680996894836426,19.12590789794922,45.11653518676758
2020-05-29,8.54595947265625,19.677335739135742,47.73759841918945
2020-06-01,8.768310546875,19.667661666870117,48.11589431762695
2020-06-02,9.222674369812012,20.702802658081055,48.11589431762695
2020-06-03,9.483695030212402,20.77052116394043,48.332069396972656
2020-06-04,9.590038299560547,20.73182487487793,50.13348388671875
2020-06-05,9.70604419708252,21.3799991607666,49.187740325927734
2020-06-08,10.054068565368652,21.795988082885742,49.340858459472656
2020-06-09,10.015398979187012,21.01237678527832,49.53001022338867
2020-06-10,9.69637680053711,20.702802658081055,48.81845474243164
2020-06-12,9.464361190795898,19.92886734008789,48.09788513183594
2020-06-15,9.242011070251465,20.025609970092773,48.53022384643555
2020-06-16,9.435359954833984,20.67378044128418,49.89029312133789
2020-06-17,9.599702835083008,20.741498947143555,50.619869232177734
2020-06-18,9.90906047821045,20.89628791809082,50.59284591674805
2020-06-19,10.063738822937012,20.77052116394043,49.692138671875
2020-06-22,9.812385559082031,20.26746368408203,49.53901672363281
2020-06-23,9.72537899017334,20.944658279418945,50.0704345703125
2020-06-24,9.445028305053711,20.31583595275879,49.89029312133789
2020-06-25,9.628706932067871,20.77052116394043,50.439727783203125
2020-06-26,9.338683128356934,20.161046981811523,50.09745788574219
2020-06-29,9.561033248901367,20.95433235168457,50.10646438598633
2020-06-30,9.271012306213379,20.847915649414062,50.36766815185547
2020-07-01,9.464361190795898,21.002700805664062,49.124691009521484
2020-07-02,9.619039535522461,21.34130096435547,49.98036575317383
2020-07-03,9.638371467590332,21.263906478881836,49.773197174072266
2020-07-06,10.015398979187012,21.776639938354492,50.953128814697266
2020-07-07,9.657706260681152,21.505762100219727,50.772987365722656
2020-07-08,9.831720352172852,21.912078857421875,51.628662109375
2020-07-09,9.860721588134766,21.41869354248047,50.818023681640625
2020-07-10,9.889724731445312,21.776639938354492,51.31341552734375
2020-07-13,9.70604419708252,21.43804168701172,51.92589569091797
2020-07-14,9.822052001953125,22.153932571411133,55.57377243041992
2020-07-15,9.928394317626953,22.579599380493164,55.65483474731445
2020-07-16,9.812385559082031,21.97979736328125,54.15065002441406
2020-07-17,9.928394317626953,21.9991455078125,54.97930145263672
2020-07-20,10.073403358459473,21.9991455078125,54.76313400268555
2020-07-21,10.170079231262207,22.608623504638672,53.7723503112793
2020-07-22,10.170079231262207,22.299047470092773,53.358028411865234
2020-07-23,10.025069236755371,21.835121154785156,53.006744384765625
2020-07-24,10.102405548095703,21.989912033081055,52.78157424926758
2020-07-27,10.653449058532715,22.444610595703125,55.27653503417969
2020-07-28,10.51810359954834,22.057632446289062,54.34880447387695
2020-07-29,10.759788513183594,22.415586471557617,56.69965362548828
2020-07-30,10.547106742858887,22.076982498168945,55.18646240234375
2020-07-31,10.31509017944336,21.477170944213867,54.68206787109375
2020-08-03,10.344090461730957,21.090192794799805,54.27674865722656
2020-08-04,9.870390892028809,21.070844650268555,54.67306137084961
2020-08-05,9.860721588134766,22.425260543823242,56.01511764526367
2020-08-06,9.976731300354004,22.463956832885742,55.69086456298828
2020-08-07,9.870390892028809,22.04796028137207,54.4478874206543
2020-08-10,10.015398979187012,22.68647003173828,56.02412796020508
2020-08-11,9.860721588134766,22.328516006469727,54.29476547241211
2020-08-12,9.77371597290039,22.715492248535156,55.39362716674805
2020-08-13,9.532032012939453,22.096330642700195,54.35781478881836
2020-08-14,9.599702835083008,21.931865692138672,55.258522033691406
2020-08-17,9.309682846069336,21.864145278930664,56.0511474609375
2020-08-18,9.493745803833008,22.270471572875977,56.79873275756836
2020-08-19,9.425932884216309,22.144702911376953,56.19526290893555
2020-08-20,9.367807388305664,21.989912033081055,56.69965362548828
2020-08-21,9.425932884216309,21.82544708251953,56.02412796020508
2020-08-24,9.522807121276855,22.222097396850586,56.70866394042969
2020-08-25,9.445307731628418,22.125354766845703,55.501712799072266
2020-08-26,9.328817367553711,21.496517181396484,55.618804931640625
2020-08-27,9.406477928161621,21.428796768188477,54.75412368774414
2020-08-28,9.493844032287598,21.806100845336914,55.03334045410156
2020-08-31,9.154086112976074,21.177263259887695,53.754337310791016
2020-09-01,9.455656051635742,22.125354766845703,55.627811431884766
2020-09-02,9.329191207885742,22.057632446289062,55.231502532958984
2020-09-03,9.523752212524414,22.135028839111328,53.43008041381836
2020-09-04,9.504295349121094,22.17372703552246,54.48391342163086
2020-09-08,9.37783145904541,21.535215377807617,53.385047912597656
2020-09-09,9.416743278503418,21.989912033081055,54.042564392089844
2020-09-10,9.202726364135742,21.3997745513916,52.71852493286133
2020-09-11,9.01789379119873,21.167587280273438,55.798946380615234
2020-09-14,9.124902725219727,20.97410011291504,55.762916564941406
2020-09-15,9.008164405822754,20.964426040649414,56.3844108581543
2020-09-16,9.008164405822754,21.022472381591797,54.91625213623047
2020-09-17,8.99843692779541,21.428796768188477,55.91604232788086
2020-09-18,8.745509147644043,20.945077896118164,55.537742614746094
2020-09-21,8.735779762268066,20.219497680664062,54.042564392089844
2020-09-22,8.735779762268066,20.122753143310547,54.24666976928711
2020-09-23,8.560675621032715,19.571311950683594,55.4571533203125
2020-09-24,8.784420013427734,19.735776901245117,55.04427719116211
2020-09-25,8.774691581726074,19.474567413330078,55.59790802001953
2020-09-28,8.726051330566406,18.990848541259766,55.15687561035156
2020-09-29,8.580130577087402,18.68126678466797,54.75338363647461
2020-09-30,8.560675621032715,18.971500396728516,55.46653747558594
2020-10-01,8.657955169677734,19.203685760498047,55.23194885253906
2020-10-02,8.677412033081055,18.400711059570312,54.72523498535156
2020-10-05,8.716322898864746,19.377824783325195,55.91695022583008
2020-10-06,8.735779762268066,19.28108024597168,55.00674057006836
2020-10-07,8.657955169677734,19.145639419555664,56.46120071411133
2020-10-08,9.076261520385742,19.77447509765625,57.51216506958008
2020-10-09,9.10544490814209,19.15531349182129,57.80305480957031
2020-10-13,9.066530227661133,19.474567413330078,58.30977249145508
2020-10-14,9.037348747253418,19.319778442382812,59.116764068603516
2020-10-15,8.99843692779541,19.10694122314453,58.61943435668945
2020-10-16,8.823330879211426,18.70061683654785,58.40361022949219
2020-10-19,8.969252586364746,18.884429931640625,58.13148498535156
2020-10-20,9.241639137268066,19.52294158935547,58.02826690673828
2020-10-21,9.280550003051758,19.503591537475586,58.976009368896484
2020-10-22,9.630758285522461,20.16145133972168,59.21059799194336
2020-10-23,9.572389602661133,19.90024185180664,59.53902816772461
2020-10-26,9.640488624572754,19.590662002563477,58.6475830078125
2020-10-27,9.36810302734375,19.232707977294922,58.67573547363281
2020-10-28,8.930342674255371,18.06210708618164,56.545654296875
2020-10-29,8.978981018066406,18.66192054748535,58.19717025756836
2020-10-30,8.842789649963379,18.323314666748047,56.817779541015625
2020-11-03,8.930342674255371,19.010196685791016,59.43580627441406
2020-11-04,9.134629249572754,19.077917098999023,57.78429412841797
2020-11-05,9.514023780822754,19.242382049560547,58.69450378417969
2020-11-06,9.562663078308105,19.10694122314453,59.29505157470703
2020-11-09,10.146347045898438,20.90637969970703,59.29505157470703
2020-11-10,10.47709846496582,22.328516006469727,59.26689910888672
2020-11-11,10.311723709106445,22.135028839111328,59.679779052734375
2020-11-12,10.185257911682129,21.196611404418945,58.807106018066406
2020-11-13,10.36036205291748,21.89316749572754,59.35135269165039
2020-11-16,10.584107398986816,22.531679153442383,60.918418884277344
2020-11-17,10.61329174041748,22.918655395507812,62.84206008911133
2020-11-18,10.409001350402832,22.783212661743164,62.35410690307617
2020-11-19,10.428459167480469,23.044422149658203,63.54582977294922
2020-11-23,10.418728828430176,24.282745361328125,66.89578247070312
2020-11-24,10.642476081848145,25.36627769470215,70.1894302368164
2020-11-25,10.496553421020508,25.395301818847656,70.84627532958984
2020-11-26,10.418728828430176,24.97930145263672,71.85033416748047
2020-11-27,10.574378967285156,24.669721603393555,73.60507202148438
2020-11-30,10.292264938354492,24.089258193969727,73.19218444824219
2020-12-01,10.760098457336426,24.76646614074707,76.24185180664062
2020-12-02,10.750349998474121,25.06637191772461,74.91876220703125
2020-12-03,10.906293869018555,25.772602081298828,74.09300994873047
2020-12-04,10.925786972045898,26.633625030517578,76.92686462402344
2020-12-07,10.974517822265625,26.120882034301758,77.83706665039062
2020-12-08,10.925786972045898,25.79195213317871,77.7901611328125
2020-12-09,10.984265327453613,26.062835693359375,77.60248565673828
2020-12-10,11.208433151245117,26.914182662963867,79.76071166992188
2020-12-11,11.219887733459473,26.67232322692871,79.62934112548828
2020-12-14,11.092057228088379,26.72069549560547,78.40009307861328
2020-12-15,11.308389663696289,26.943206787109375,79.29153442382812
2020-12-16,11.46572494506836,27.272136688232422,80.905517578125
2020-12-17,11.475556373596191,27.320507049560547,81.82511138916016
2020-12-18,11.367391586303711,27.18506622314453,82.38812255859375
2020-12-21,11.190390586853027,26.140230178833008,81.50606536865234
2020-12-22,11.21005630493164,26.391765594482422,81.58113861083984
2020-12-23,11.475556373596191,27.03995132446289,81.97525024414062
2020-12-28,11.60339069366455,27.262460708618164,81.9283218383789
2020-12-29,11.672223091125488,27.349531173706055,81.70311737060547
2020-12-30,11.534557342529297,27.417251586914062,82.0596923828125
